year,GEOID,variable,renter_occ_units
2012,10001,B25032_013,7910
2013,10001,B25032_013,8017
2014,10001,B25032_013,8114
2015,10001,B25032_013,8478
2016,10001,B25032_013,8735
2017,10001,B25032_013,8868
2018,10001,B25032_013,9178
2019,10001,B25032_013,9712
2020,10001,B25032_013,9711
2021,10001,B25032_013,10493
2012,10002,B25032_013,27955
2013,10002,B25032_013,28106
2014,10002,B25032_013,28180
2015,10002,B25032_013,28824
2016,10002,B25032_013,28726
2017,10002,B25032_013,28951
2018,10002,B25032_013,29070
2019,10002,B25032_013,28933
2020,10002,B25032_013,28895
2021,10002,B25032_013,28887
2012,10003,B25032_013,19217
2013,10003,B25032_013,19147
2014,10003,B25032_013,19027
2015,10003,B25032_013,19277
2016,10003,B25032_013,18966
2017,10003,B25032_013,17979
2018,10003,B25032_013,17519
2019,10003,B25032_013,17598
2020,10003,B25032_013,16470
2021,10003,B25032_013,15936
2012,10004,B25032_013,1033
2013,10004,B25032_013,1069
2014,10004,B25032_013,1118
2015,10004,B25032_013,1087
2016,10004,B25032_013,1162
2017,10004,B25032_013,1113
2018,10004,B25032_013,1024
2019,10004,B25032_013,1104
2020,10004,B25032_013,1125
2021,10004,B25032_013,1249
2012,10005,B25032_013,2790
2013,10005,B25032_013,3165
2014,10005,B25032_013,3556
2015,10005,B25032_013,3590
2016,10005,B25032_013,3546
2017,10005,B25032_013,3461
2018,10005,B25032_013,3515
2019,10005,B25032_013,3444
2020,10005,B25032_013,3914
2021,10005,B25032_013,3987
2012,10006,B25032_013,1473
2013,10006,B25032_013,1430
2014,10006,B25032_013,1565
2015,10006,B25032_013,1583
2016,10006,B25032_013,1543
2017,10006,B25032_013,1577
2018,10006,B25032_013,1488
2019,10006,B25032_013,1330
2020,10006,B25032_013,1464
2021,10006,B25032_013,1643
2012,10007,B25032_013,1740
2013,10007,B25032_013,1700
2014,10007,B25032_013,1645
2015,10007,B25032_013,1726
2016,10007,B25032_013,1734
2017,10007,B25032_013,1674
2018,10007,B25032_013,1763
2019,10007,B25032_013,1792
2020,10007,B25032_013,1943
2021,10007,B25032_013,2228
2012,10009,B25032_013,27441
2013,10009,B25032_013,27239
2014,10009,B25032_013,27507
2015,10009,B25032_013,27731
2016,10009,B25032_013,28036
2017,10009,B25032_013,27614
2018,10009,B25032_013,27846
2019,10009,B25032_013,27927
2020,10009,B25032_013,27187
2021,10009,B25032_013,26642
2012,10010,B25032_013,11745
2013,10010,B25032_013,11998
2014,10010,B25032_013,12196
2015,10010,B25032_013,11964
2016,10010,B25032_013,11656
2017,10010,B25032_013,11370
2018,10010,B25032_013,11739
2019,10010,B25032_013,11630
2020,10010,B25032_013,11500
2021,10010,B25032_013,11323
2012,10011,B25032_013,19607
2013,10011,B25032_013,19230
2014,10011,B25032_013,19827
2015,10011,B25032_013,19468
2016,10011,B25032_013,18521
2017,10011,B25032_013,18247
2018,10011,B25032_013,18181
2019,10011,B25032_013,17882
2020,10011,B25032_013,17680
2021,10011,B25032_013,18205
2012,10012,B25032_013,10482
2013,10012,B25032_013,10832
2014,10012,B25032_013,10712
2015,10012,B25032_013,10397
2016,10012,B25032_013,10255
2017,10012,B25032_013,10148
2018,10012,B25032_013,9870
2019,10012,B25032_013,9929
2020,10012,B25032_013,10324
2021,10012,B25032_013,9605
2012,10013,B25032_013,7995
2013,10013,B25032_013,7893
2014,10013,B25032_013,8194
2015,10013,B25032_013,8231
2016,10013,B25032_013,8630
2017,10013,B25032_013,8867
2018,10013,B25032_013,8848
2019,10013,B25032_013,8828
2020,10013,B25032_013,8989
2021,10013,B25032_013,8777
2012,10014,B25032_013,13318
2013,10014,B25032_013,13279
2014,10014,B25032_013,13440
2015,10014,B25032_013,12889
2016,10014,B25032_013,12830
2017,10014,B25032_013,12540
2018,10014,B25032_013,12316
2019,10014,B25032_013,12308
2020,10014,B25032_013,12211
2021,10014,B25032_013,12443
2012,10016,B25032_013,20542
2013,10016,B25032_013,19781
2014,10016,B25032_013,19747
2015,10016,B25032_013,19782
2016,10016,B25032_013,20503
2017,10016,B25032_013,20658
2018,10016,B25032_013,20597
2019,10016,B25032_013,20627
2020,10016,B25032_013,21322
2021,10016,B25032_013,21657
2012,10017,B25032_013,6656
2013,10017,B25032_013,6582
2014,10017,B25032_013,6773
2015,10017,B25032_013,6417
2016,10017,B25032_013,6176
2017,10017,B25032_013,5657
2018,10017,B25032_013,5585
2019,10017,B25032_013,5576
2020,10017,B25032_013,6301
2021,10017,B25032_013,6461
2012,10018,B25032_013,2717
2013,10018,B25032_013,3164
2014,10018,B25032_013,3686
2015,10018,B25032_013,4261
2016,10018,B25032_013,4554
2017,10018,B25032_013,4586
2018,10018,B25032_013,4633
2019,10018,B25032_013,4202
2020,10018,B25032_013,3755
2021,10018,B25032_013,3902
2012,10019,B25032_013,19473
2013,10019,B25032_013,18873
2014,10019,B25032_013,19265
2015,10019,B25032_013,18898
2016,10019,B25032_013,19281
2017,10019,B25032_013,19839
2018,10019,B25032_013,20364
2019,10019,B25032_013,20532
2020,10019,B25032_013,21109
2021,10019,B25032_013,20387
2012,10020,B25032_013,0
2013,10020,B25032_013,0
2014,10020,B25032_013,0
2015,10020,B25032_013,0
2016,10020,B25032_013,0
2017,10020,B25032_013,0
2018,10020,B25032_013,0
2019,10020,B25032_013,0
2020,10020,B25032_013,0
2021,10020,B25032_013,0
2012,10021,B25032_013,14082
2013,10021,B25032_013,14034
2014,10021,B25032_013,14128
2015,10021,B25032_013,14430
2016,10021,B25032_013,14399
2017,10021,B25032_013,13909
2018,10021,B25032_013,13744
2019,10021,B25032_013,13627
2020,10021,B25032_013,11931
2021,10021,B25032_013,11617
2012,10022,B25032_013,9405
2013,10022,B25032_013,9527
2014,10022,B25032_013,9149
2015,10022,B25032_013,9198
2016,10022,B25032_013,8794
2017,10022,B25032_013,8759
2018,10022,B25032_013,8595
2019,10022,B25032_013,9109
2020,10022,B25032_013,9201
2021,10022,B25032_013,9305
2012,10023,B25032_013,20248
2013,10023,B25032_013,20437
2014,10023,B25032_013,19329
2015,10023,B25032_013,19856
2016,10023,B25032_013,19627
2017,10023,B25032_013,19169
2018,10023,B25032_013,19610
2019,10023,B25032_013,20922
2020,10023,B25032_013,20426
2021,10023,B25032_013,21960
2012,10024,B25032_013,19078
2013,10024,B25032_013,18627
2014,10024,B25032_013,18684
2015,10024,B25032_013,18378
2016,10024,B25032_013,18418
2017,10024,B25032_013,17319
2018,10024,B25032_013,17408
2019,10024,B25032_013,16736
2020,10024,B25032_013,18048
2021,10024,B25032_013,18209
2012,10025,B25032_013,34170
2013,10025,B25032_013,33501
2014,10025,B25032_013,33778
2015,10025,B25032_013,32975
2016,10025,B25032_013,31724
2017,10025,B25032_013,30676
2018,10025,B25032_013,29897
2019,10025,B25032_013,29612
2020,10025,B25032_013,27657
2021,10025,B25032_013,28053
2012,10026,B25032_013,11650
2013,10026,B25032_013,11448
2014,10026,B25032_013,11769
2015,10026,B25032_013,11973
2016,10026,B25032_013,12103
2017,10026,B25032_013,12556
2018,10026,B25032_013,13106
2019,10026,B25032_013,12779
2020,10026,B25032_013,12427
2021,10026,B25032_013,11957
2012,10027,B25032_013,19982
2013,10027,B25032_013,19660
2014,10027,B25032_013,19840
2015,10027,B25032_013,19698
2016,10027,B25032_013,19818
2017,10027,B25032_013,20254
2018,10027,B25032_013,20574
2019,10027,B25032_013,20724
2020,10027,B25032_013,20697
2021,10027,B25032_013,20389
2012,10028,B25032_013,16592
2013,10028,B25032_013,16501
2014,10028,B25032_013,17050
2015,10028,B25032_013,16777
2016,10028,B25032_013,17577
2017,10028,B25032_013,17478
2018,10028,B25032_013,16595
2019,10028,B25032_013,16266
2020,10028,B25032_013,16564
2021,10028,B25032_013,16252
2012,10029,B25032_013,27442
2013,10029,B25032_013,26850
2014,10029,B25032_013,27473
2015,10029,B25032_013,28248
2016,10029,B25032_013,28645
2017,10029,B25032_013,29532
2018,10029,B25032_013,29541
2019,10029,B25032_013,29286
2020,10029,B25032_013,29349
2021,10029,B25032_013,30666
2012,10030,B25032_013,10704
2013,10030,B25032_013,10141
2014,10030,B25032_013,10739
2015,10030,B25032_013,10646
2016,10030,B25032_013,10789
2017,10030,B25032_013,10884
2018,10030,B25032_013,11265
2019,10030,B25032_013,11200
2020,10030,B25032_013,11069
2021,10030,B25032_013,11196
2012,10031,B25032_013,18618
2013,10031,B25032_013,18473
2014,10031,B25032_013,18858
2015,10031,B25032_013,18986
2016,10031,B25032_013,19372
2017,10031,B25032_013,19612
2018,10031,B25032_013,19225
2019,10031,B25032_013,18823
2020,10031,B25032_013,18852
2021,10031,B25032_013,18654
2012,10032,B25032_013,18432
2013,10032,B25032_013,18053
2014,10032,B25032_013,18373
2015,10032,B25032_013,18891
2016,10032,B25032_013,18723
2017,10032,B25032_013,19150
2018,10032,B25032_013,19480
2019,10032,B25032_013,19276
2020,10032,B25032_013,19701
2021,10032,B25032_013,19855
2012,10033,B25032_013,17265
2013,10033,B25032_013,17052
2014,10033,B25032_013,17540
2015,10033,B25032_013,17545
2016,10033,B25032_013,17331
2017,10033,B25032_013,17546
2018,10033,B25032_013,17598
2019,10033,B25032_013,17618
2020,10033,B25032_013,17223
2021,10033,B25032_013,17351
2012,10034,B25032_013,13699
2013,10034,B25032_013,13626
2014,10034,B25032_013,13882
2015,10034,B25032_013,14066
2016,10034,B25032_013,14506
2017,10034,B25032_013,14712
2018,10034,B25032_013,14595
2019,10034,B25032_013,14633
2020,10034,B25032_013,14406
2021,10034,B25032_013,14299
2012,10035,B25032_013,11243
2013,10035,B25032_013,11419
2014,10035,B25032_013,12053
2015,10035,B25032_013,11929
2016,10035,B25032_013,12313
2017,10035,B25032_013,12946
2018,10035,B25032_013,13237
2019,10035,B25032_013,13411
2020,10035,B25032_013,13514
2021,10035,B25032_013,12961
2012,10036,B25032_013,12330
2013,10036,B25032_013,12613
2014,10036,B25032_013,13042
2015,10036,B25032_013,13842
2016,10036,B25032_013,13954
2017,10036,B25032_013,14058
2018,10036,B25032_013,14618
2019,10036,B25032_013,15831
2020,10036,B25032_013,15934
2021,10036,B25032_013,16943
2012,10037,B25032_013,7714
2013,10037,B25032_013,7774
2014,10037,B25032_013,8306
2015,10037,B25032_013,8477
2016,10037,B25032_013,8754
2017,10037,B25032_013,9083
2018,10037,B25032_013,9246
2019,10037,B25032_013,9032
2020,10037,B25032_013,9298
2021,10037,B25032_013,9305
2012,10038,B25032_013,6836
2013,10038,B25032_013,6972
2014,10038,B25032_013,7171
2015,10038,B25032_013,7249
2016,10038,B25032_013,7396
2017,10038,B25032_013,7444
2018,10038,B25032_013,7478
2019,10038,B25032_013,7747
2020,10038,B25032_013,8049
2021,10038,B25032_013,7495
2012,10039,B25032_013,8615
2013,10039,B25032_013,9042
2014,10039,B25032_013,8924
2015,10039,B25032_013,9276
2016,10039,B25032_013,9518
2017,10039,B25032_013,9719
2018,10039,B25032_013,9695
2019,10039,B25032_013,9761
2020,10039,B25032_013,9727
2021,10039,B25032_013,9733
2012,10040,B25032_013,14241
2013,10040,B25032_013,14071
2014,10040,B25032_013,14290
2015,10040,B25032_013,14457
2016,10040,B25032_013,14426
2017,10040,B25032_013,14612
2018,10040,B25032_013,14502
2019,10040,B25032_013,14689
2020,10040,B25032_013,14092
2021,10040,B25032_013,14366
2012,10044,B25032_013,3835
2013,10044,B25032_013,4017
2014,10044,B25032_013,4187
2015,10044,B25032_013,4056
2016,10044,B25032_013,4013
2017,10044,B25032_013,3878
2018,10044,B25032_013,3812
2019,10044,B25032_013,3675
2020,10044,B25032_013,3754
2021,10044,B25032_013,3786
2012,10065,B25032_013,12640
2013,10065,B25032_013,12393
2014,10065,B25032_013,11966
2015,10065,B25032_013,11008
2016,10065,B25032_013,10729
2017,10065,B25032_013,10204
2018,10065,B25032_013,9479
2019,10065,B25032_013,9936
2020,10065,B25032_013,10715
2021,10065,B25032_013,11056
2012,10115,B25032_013,0
2013,10115,B25032_013,0
2014,10115,B25032_013,0
2015,10115,B25032_013,0
2016,10115,B25032_013,0
2017,10115,B25032_013,0
2018,10115,B25032_013,0
2019,10115,B25032_013,0
2020,10115,B25032_013,0
2021,10115,B25032_013,0
2012,10119,B25032_013,0
2013,10119,B25032_013,0
2014,10119,B25032_013,0
2015,10119,B25032_013,0
2016,10119,B25032_013,0
2017,10119,B25032_013,0
2018,10119,B25032_013,0
2019,10119,B25032_013,0
2020,10119,B25032_013,0
2021,10119,B25032_013,0
2012,10128,B25032_013,21968
2013,10128,B25032_013,22031
2014,10128,B25032_013,22321
2015,10128,B25032_013,22018
2016,10128,B25032_013,21899
2017,10128,B25032_013,21227
2018,10128,B25032_013,20562
2019,10128,B25032_013,20087
2020,10128,B25032_013,20473
2021,10128,B25032_013,20058
2012,10154,B25032_013,0
2013,10154,B25032_013,0
2014,10154,B25032_013,0
2015,10154,B25032_013,0
2016,10154,B25032_013,0
2017,10154,B25032_013,0
2018,10154,B25032_013,0
2019,10154,B25032_013,0
2020,10154,B25032_013,0
2021,10154,B25032_013,0
2012,10278,B25032_013,0
2013,10278,B25032_013,0
2014,10278,B25032_013,0
2015,10278,B25032_013,0
2016,10278,B25032_013,0
2017,10278,B25032_013,0
2018,10278,B25032_013,0
2019,10278,B25032_013,0
2020,10278,B25032_013,0
2021,10278,B25032_013,0
2012,10280,B25032_013,3019
2013,10280,B25032_013,3123
2014,10280,B25032_013,3245
2015,10280,B25032_013,3473
2016,10280,B25032_013,3668
2017,10280,B25032_013,3369
2018,10280,B25032_013,3327
2019,10280,B25032_013,3148
2020,10280,B25032_013,3307
2021,10280,B25032_013,2905
2012,10301,B25032_013,8134
2013,10301,B25032_013,7994
2014,10301,B25032_013,7931
2015,10301,B25032_013,7811
2016,10301,B25032_013,8030
2017,10301,B25032_013,8011
2018,10301,B25032_013,7902
2019,10301,B25032_013,7837
2020,10301,B25032_013,8129
2021,10301,B25032_013,7765
2012,10302,B25032_013,2503
2013,10302,B25032_013,2518
2014,10302,B25032_013,2538
2015,10302,B25032_013,2549
2016,10302,B25032_013,2672
2017,10302,B25032_013,2754
2018,10302,B25032_013,2533
2019,10302,B25032_013,2670
2020,10302,B25032_013,2553
2021,10302,B25032_013,2407
2012,10303,B25032_013,3270
2013,10303,B25032_013,3379
2014,10303,B25032_013,3156
2015,10303,B25032_013,3378
2016,10303,B25032_013,3246
2017,10303,B25032_013,3353
2018,10303,B25032_013,3202
2019,10303,B25032_013,3225
2020,10303,B25032_013,3218
2021,10303,B25032_013,3194
2012,10304,B25032_013,6864
2013,10304,B25032_013,6942
2014,10304,B25032_013,6821
2015,10304,B25032_013,6829
2016,10304,B25032_013,7009
2017,10304,B25032_013,6657
2018,10304,B25032_013,6731
2019,10304,B25032_013,7462
2020,10304,B25032_013,7254
2021,10304,B25032_013,7816
2012,10305,B25032_013,5123
2013,10305,B25032_013,5064
2014,10305,B25032_013,5035
2015,10305,B25032_013,5118
2016,10305,B25032_013,4964
2017,10305,B25032_013,4965
2018,10305,B25032_013,4992
2019,10305,B25032_013,4908
2020,10305,B25032_013,4931
2021,10305,B25032_013,5437
2012,10306,B25032_013,5604
2013,10306,B25032_013,5775
2014,10306,B25032_013,5695
2015,10306,B25032_013,5792
2016,10306,B25032_013,5904
2017,10306,B25032_013,5894
2018,10306,B25032_013,5824
2019,10306,B25032_013,6017
2020,10306,B25032_013,5952
2021,10306,B25032_013,5656
2012,10307,B25032_013,1003
2013,10307,B25032_013,1060
2014,10307,B25032_013,944
2015,10307,B25032_013,1143
2016,10307,B25032_013,1245
2017,10307,B25032_013,1259
2018,10307,B25032_013,1276
2019,10307,B25032_013,1253
2020,10307,B25032_013,1068
2021,10307,B25032_013,1114
2012,10309,B25032_013,2038
2013,10309,B25032_013,2214
2014,10309,B25032_013,2442
2015,10309,B25032_013,2306
2016,10309,B25032_013,1919
2017,10309,B25032_013,1648
2018,10309,B25032_013,1623
2019,10309,B25032_013,1486
2020,10309,B25032_013,2062
2021,10309,B25032_013,2195
2012,10310,B25032_013,3336
2013,10310,B25032_013,3279
2014,10310,B25032_013,3362
2015,10310,B25032_013,3265
2016,10310,B25032_013,3193
2017,10310,B25032_013,3148
2018,10310,B25032_013,3233
2019,10310,B25032_013,3517
2020,10310,B25032_013,3481
2021,10310,B25032_013,3480
2012,10312,B25032_013,3326
2013,10312,B25032_013,3384
2014,10312,B25032_013,3476
2015,10312,B25032_013,3512
2016,10312,B25032_013,3343
2017,10312,B25032_013,3007
2018,10312,B25032_013,3136
2019,10312,B25032_013,3220
2020,10312,B25032_013,3577
2021,10312,B25032_013,3838
2012,10314,B25032_013,7799
2013,10314,B25032_013,8314
2014,10314,B25032_013,8267
2015,10314,B25032_013,8328
2016,10314,B25032_013,8289
2017,10314,B25032_013,8200
2018,10314,B25032_013,8039
2019,10314,B25032_013,7490
2020,10314,B25032_013,8079
2021,10314,B25032_013,7920
2012,10451,B25032_013,15175
2013,10451,B25032_013,15518
2014,10451,B25032_013,15531
2015,10451,B25032_013,15832
2016,10451,B25032_013,16160
2017,10451,B25032_013,16278
2018,10451,B25032_013,16635
2019,10451,B25032_013,17406
2020,10451,B25032_013,17686
2021,10451,B25032_013,17562
2012,10452,B25032_013,23871
2013,10452,B25032_013,23909
2014,10452,B25032_013,24292
2015,10452,B25032_013,24586
2016,10452,B25032_013,24986
2017,10452,B25032_013,25166
2018,10452,B25032_013,25424
2019,10452,B25032_013,25649
2020,10452,B25032_013,26281
2021,10452,B25032_013,27181
2012,10453,B25032_013,24112
2013,10453,B25032_013,24533
2014,10453,B25032_013,25089
2015,10453,B25032_013,25859
2016,10453,B25032_013,26341
2017,10453,B25032_013,26257
2018,10453,B25032_013,26294
2019,10453,B25032_013,26700
2020,10453,B25032_013,26103
2021,10453,B25032_013,26479
2012,10454,B25032_013,11775
2013,10454,B25032_013,11836
2014,10454,B25032_013,11840
2015,10454,B25032_013,12094
2016,10454,B25032_013,12106
2017,10454,B25032_013,12358
2018,10454,B25032_013,12480
2019,10454,B25032_013,12585
2020,10454,B25032_013,12890
2021,10454,B25032_013,13602
2012,10455,B25032_013,11857
2013,10455,B25032_013,12200
2014,10455,B25032_013,12526
2015,10455,B25032_013,12991
2016,10455,B25032_013,13152
2017,10455,B25032_013,13176
2018,10455,B25032_013,13201
2019,10455,B25032_013,13246
2020,10455,B25032_013,13498
2021,10455,B25032_013,14247
2012,10456,B25032_013,26490
2013,10456,B25032_013,26608
2014,10456,B25032_013,27386
2015,10456,B25032_013,27475
2016,10456,B25032_013,27999
2017,10456,B25032_013,28254
2018,10456,B25032_013,29018
2019,10456,B25032_013,29133
2020,10456,B25032_013,29826
2021,10456,B25032_013,29930
2012,10457,B25032_013,20703
2013,10457,B25032_013,21144
2014,10457,B25032_013,21400
2015,10457,B25032_013,22195
2016,10457,B25032_013,22506
2017,10457,B25032_013,22753
2018,10457,B25032_013,23196
2019,10457,B25032_013,23300
2020,10457,B25032_013,22744
2021,10457,B25032_013,24122
2012,10458,B25032_013,24148
2013,10458,B25032_013,24247
2014,10458,B25032_013,24754
2015,10458,B25032_013,25169
2016,10458,B25032_013,25818
2017,10458,B25032_013,26113
2018,10458,B25032_013,26222
2019,10458,B25032_013,26496
2020,10458,B25032_013,27727
2021,10458,B25032_013,28097
2012,10459,B25032_013,13819
2013,10459,B25032_013,13952
2014,10459,B25032_013,14078
2015,10459,B25032_013,14317
2016,10459,B25032_013,14414
2017,10459,B25032_013,14421
2018,10459,B25032_013,14507
2019,10459,B25032_013,14917
2020,10459,B25032_013,14957
2021,10459,B25032_013,15327
2012,10460,B25032_013,17439
2013,10460,B25032_013,17409
2014,10460,B25032_013,17825
2015,10460,B25032_013,17882
2016,10460,B25032_013,17948
2017,10460,B25032_013,18197
2018,10460,B25032_013,18288
2019,10460,B25032_013,18520
2020,10460,B25032_013,18157
2021,10460,B25032_013,19172
2012,10461,B25032_013,13040
2013,10461,B25032_013,12971
2014,10461,B25032_013,13361
2015,10461,B25032_013,13413
2016,10461,B25032_013,13064
2017,10461,B25032_013,12710
2018,10461,B25032_013,12765
2019,10461,B25032_013,12530
2020,10461,B25032_013,12716
2021,10461,B25032_013,12651
2012,10462,B25032_013,22126
2013,10462,B25032_013,22753
2014,10462,B25032_013,22596
2015,10462,B25032_013,22860
2016,10462,B25032_013,22841
2017,10462,B25032_013,22871
2018,10462,B25032_013,22943
2019,10462,B25032_013,22979
2020,10462,B25032_013,22291
2021,10462,B25032_013,23206
2012,10463,B25032_013,19203
2013,10463,B25032_013,18794
2014,10463,B25032_013,19219
2015,10463,B25032_013,19004
2016,10463,B25032_013,18966
2017,10463,B25032_013,19397
2018,10463,B25032_013,19463
2019,10463,B25032_013,19721
2020,10463,B25032_013,20039
2021,10463,B25032_013,20255
2012,10464,B25032_013,928
2013,10464,B25032_013,974
2014,10464,B25032_013,928
2015,10464,B25032_013,750
2016,10464,B25032_013,688
2017,10464,B25032_013,743
2018,10464,B25032_013,645
2019,10464,B25032_013,725
2020,10464,B25032_013,720
2021,10464,B25032_013,645
2012,10465,B25032_013,7045
2013,10465,B25032_013,7118
2014,10465,B25032_013,7351
2015,10465,B25032_013,6853
2016,10465,B25032_013,6949
2017,10465,B25032_013,6804
2018,10465,B25032_013,6990
2019,10465,B25032_013,6915
2020,10465,B25032_013,7425
2021,10465,B25032_013,7064
2012,10466,B25032_013,13809
2013,10466,B25032_013,13890
2014,10466,B25032_013,14097
2015,10466,B25032_013,14298
2016,10466,B25032_013,14299
2017,10466,B25032_013,14104
2018,10466,B25032_013,14513
2019,10466,B25032_013,14656
2020,10466,B25032_013,15264
2021,10466,B25032_013,15073
2012,10467,B25032_013,30252
2013,10467,B25032_013,30496
2014,10467,B25032_013,30842
2015,10467,B25032_013,31206
2016,10467,B25032_013,31572
2017,10467,B25032_013,31484
2018,10467,B25032_013,31721
2019,10467,B25032_013,31901
2020,10467,B25032_013,32458
2021,10467,B25032_013,32893
2012,10468,B25032_013,22128
2013,10468,B25032_013,21463
2014,10468,B25032_013,22173
2015,10468,B25032_013,22520
2016,10468,B25032_013,23493
2017,10468,B25032_013,23499
2018,10468,B25032_013,24338
2019,10468,B25032_013,24271
2020,10468,B25032_013,24571
2021,10468,B25032_013,25585
2012,10469,B25032_013,11017
2013,10469,B25032_013,11183
2014,10469,B25032_013,11107
2015,10469,B25032_013,11415
2016,10469,B25032_013,11382
2017,10469,B25032_013,10848
2018,10469,B25032_013,11011
2019,10469,B25032_013,10808
2020,10469,B25032_013,10930
2021,10469,B25032_013,11808
2012,10471,B25032_013,4408
2013,10471,B25032_013,4528
2014,10471,B25032_013,4491
2015,10471,B25032_013,4282
2016,10471,B25032_013,4361
2017,10471,B25032_013,4355
2018,10471,B25032_013,4405
2019,10471,B25032_013,4492
2020,10471,B25032_013,4089
2021,10471,B25032_013,4170
2012,10472,B25032_013,18036
2013,10472,B25032_013,18144
2014,10472,B25032_013,18158
2015,10472,B25032_013,18409
2016,10472,B25032_013,18646
2017,10472,B25032_013,18617
2018,10472,B25032_013,18765
2019,10472,B25032_013,18672
2020,10472,B25032_013,18596
2021,10472,B25032_013,18505
2012,10473,B25032_013,14597
2013,10473,B25032_013,14829
2014,10473,B25032_013,14623
2015,10473,B25032_013,14729
2016,10473,B25032_013,14857
2017,10473,B25032_013,14822
2018,10473,B25032_013,14746
2019,10473,B25032_013,15087
2020,10473,B25032_013,15274
2021,10473,B25032_013,15772
2012,10474,B25032_013,3559
2013,10474,B25032_013,3379
2014,10474,B25032_013,3363
2015,10474,B25032_013,3379
2016,10474,B25032_013,3296
2017,10474,B25032_013,3276
2018,10474,B25032_013,3269
2019,10474,B25032_013,3352
2020,10474,B25032_013,3291
2021,10474,B25032_013,3321
2012,10475,B25032_013,9042
2013,10475,B25032_013,10312
2014,10475,B25032_013,11092
2015,10475,B25032_013,11091
2016,10475,B25032_013,10971
2017,10475,B25032_013,10927
2018,10475,B25032_013,10679
2019,10475,B25032_013,10430
2020,10475,B25032_013,10073
2021,10475,B25032_013,10935
2012,10514,B25032_013,268
2013,10514,B25032_013,378
2014,10514,B25032_013,330
2015,10514,B25032_013,257
2016,10514,B25032_013,223
2017,10514,B25032_013,196
2018,10514,B25032_013,124
2019,10514,B25032_013,159
2020,10514,B25032_013,331
2021,10514,B25032_013,340
2012,10543,B25032_013,2796
2013,10543,B25032_013,2872
2014,10543,B25032_013,3054
2015,10543,B25032_013,3113
2016,10543,B25032_013,3229
2017,10543,B25032_013,3245
2018,10543,B25032_013,3062
2019,10543,B25032_013,2949
2020,10543,B25032_013,2700
2021,10543,B25032_013,2683
2012,10553,B25032_013,1849
2013,10553,B25032_013,1883
2014,10553,B25032_013,1686
2015,10553,B25032_013,1608
2016,10553,B25032_013,1512
2017,10553,B25032_013,1463
2018,10553,B25032_013,1540
2019,10553,B25032_013,1478
2020,10553,B25032_013,1565
2021,10553,B25032_013,1690
2012,10573,B25032_013,5827
2013,10573,B25032_013,6176
2014,10573,B25032_013,5853
2015,10573,B25032_013,5923
2016,10573,B25032_013,5926
2017,10573,B25032_013,5944
2018,10573,B25032_013,5935
2019,10573,B25032_013,5743
2020,10573,B25032_013,6090
2021,10573,B25032_013,6105
2012,10701,B25032_013,15854
2013,10701,B25032_013,15463
2014,10701,B25032_013,15125
2015,10701,B25032_013,14981
2016,10701,B25032_013,14702
2017,10701,B25032_013,15268
2018,10701,B25032_013,15550
2019,10701,B25032_013,16181
2020,10701,B25032_013,16393
2021,10701,B25032_013,18612
2012,10705,B25032_013,8928
2013,10705,B25032_013,8859
2014,10705,B25032_013,9036
2015,10705,B25032_013,9217
2016,10705,B25032_013,9324
2017,10705,B25032_013,9662
2018,10705,B25032_013,9969
2019,10705,B25032_013,9809
2020,10705,B25032_013,9674
2021,10705,B25032_013,9879
2012,10911,B25032_013,0
2013,10911,B25032_013,0
2014,10911,B25032_013,0
2015,10911,B25032_013,0
2016,10911,B25032_013,0
2017,10911,B25032_013,0
2018,10911,B25032_013,0
2019,10911,B25032_013,0
2020,10911,B25032_013,0
2021,10911,B25032_013,6
2012,10965,B25032_013,876
2013,10965,B25032_013,995
2014,10965,B25032_013,1021
2015,10965,B25032_013,1188
2016,10965,B25032_013,1174
2017,10965,B25032_013,1110
2018,10965,B25032_013,1056
2019,10965,B25032_013,1175
2020,10965,B25032_013,1404
2021,10965,B25032_013,1333
2012,10977,B25032_013,7669
2013,10977,B25032_013,7443
2014,10977,B25032_013,7328
2015,10977,B25032_013,7654
2016,10977,B25032_013,7868
2017,10977,B25032_013,8119
2018,10977,B25032_013,8581
2019,10977,B25032_013,8880
2020,10977,B25032_013,8502
2021,10977,B25032_013,8771
2012,11001,B25032_013,1558
2013,11001,B25032_013,1706
2014,11001,B25032_013,1774
2015,11001,B25032_013,1833
2016,11001,B25032_013,1812
2017,11001,B25032_013,1876
2018,11001,B25032_013,1750
2019,11001,B25032_013,1752
2020,11001,B25032_013,1608
2021,11001,B25032_013,1396
2012,11021,B25032_013,2280
2013,11021,B25032_013,2443
2014,11021,B25032_013,2521
2015,11021,B25032_013,2445
2016,11021,B25032_013,2373
2017,11021,B25032_013,2531
2018,11021,B25032_013,2386
2019,11021,B25032_013,2326
2020,11021,B25032_013,2083
2021,11021,B25032_013,2567
2012,11050,B25032_013,3349
2013,11050,B25032_013,3446
2014,11050,B25032_013,3661
2015,11050,B25032_013,3787
2016,11050,B25032_013,3690
2017,11050,B25032_013,3930
2018,11050,B25032_013,3935
2019,11050,B25032_013,3615
2020,11050,B25032_013,3443
2021,11050,B25032_013,3649
2012,11101,B25032_013,8962
2013,11101,B25032_013,9323
2014,11101,B25032_013,9530
2015,11101,B25032_013,9760
2016,11101,B25032_013,9995
2017,11101,B25032_013,10359
2018,11101,B25032_013,10939
2019,11101,B25032_013,11694
2020,11101,B25032_013,12929
2021,11101,B25032_013,13317
2012,11102,B25032_013,11771
2013,11102,B25032_013,12028
2014,11102,B25032_013,11922
2015,11102,B25032_013,12073
2016,11102,B25032_013,12128
2017,11102,B25032_013,11825
2018,11102,B25032_013,11331
2019,11102,B25032_013,11063
2020,11102,B25032_013,11086
2021,11102,B25032_013,10471
2012,11103,B25032_013,13263
2013,11103,B25032_013,13663
2014,11103,B25032_013,13832
2015,11103,B25032_013,14129
2016,11103,B25032_013,13964
2017,11103,B25032_013,13556
2018,11103,B25032_013,13129
2019,11103,B25032_013,13005
2020,11103,B25032_013,13285
2021,11103,B25032_013,12997
2012,11104,B25032_013,10110
2013,11104,B25032_013,9787
2014,11104,B25032_013,9765
2015,11104,B25032_013,9715
2016,11104,B25032_013,9514
2017,11104,B25032_013,9211
2018,11104,B25032_013,9321
2019,11104,B25032_013,9153
2020,11104,B25032_013,8827
2021,11104,B25032_013,9203
2012,11105,B25032_013,11618
2013,11105,B25032_013,11180
2014,11105,B25032_013,11509
2015,11105,B25032_013,11528
2016,11105,B25032_013,11460
2017,11105,B25032_013,11184
2018,11105,B25032_013,11108
2019,11105,B25032_013,10973
2020,11105,B25032_013,11111
2021,11105,B25032_013,11117
2012,11106,B25032_013,13953
2013,11106,B25032_013,13756
2014,11106,B25032_013,14171
2015,11106,B25032_013,13961
2016,11106,B25032_013,14170
2017,11106,B25032_013,14060
2018,11106,B25032_013,13964
2019,11106,B25032_013,13789
2020,11106,B25032_013,13912
2021,11106,B25032_013,14822
2012,11201,B25032_013,15008
2013,11201,B25032_013,15224
2014,11201,B25032_013,15734
2015,11201,B25032_013,16288
2016,11201,B25032_013,16766
2017,11201,B25032_013,16633
2018,11201,B25032_013,17664
2019,11201,B25032_013,18171
2020,11201,B25032_013,18848
2021,11201,B25032_013,20128
2012,11203,B25032_013,16005
2013,11203,B25032_013,15926
2014,11203,B25032_013,16273
2015,11203,B25032_013,16637
2016,11203,B25032_013,16646
2017,11203,B25032_013,16079
2018,11203,B25032_013,16483
2019,11203,B25032_013,16808
2020,11203,B25032_013,17415
2021,11203,B25032_013,17359
2012,11204,B25032_013,15535
2013,11204,B25032_013,15873
2014,11204,B25032_013,15363
2015,11204,B25032_013,15073
2016,11204,B25032_013,15325
2017,11204,B25032_013,15107
2018,11204,B25032_013,14853
2019,11204,B25032_013,14588
2020,11204,B25032_013,14600
2021,11204,B25032_013,15787
2012,11205,B25032_013,11162
2013,11205,B25032_013,11408
2014,11205,B25032_013,11739
2015,11205,B25032_013,12059
2016,11205,B25032_013,12192
2017,11205,B25032_013,12189
2018,11205,B25032_013,12369
2019,11205,B25032_013,12334
2020,11205,B25032_013,12205
2021,11205,B25032_013,11908
2012,11206,B25032_013,24968
2013,11206,B25032_013,25343
2014,11206,B25032_013,25683
2015,11206,B25032_013,26318
2016,11206,B25032_013,27004
2017,11206,B25032_013,27428
2018,11206,B25032_013,27768
2019,11206,B25032_013,28163
2020,11206,B25032_013,28090
2021,11206,B25032_013,27882
2012,11207,B25032_013,23333
2013,11207,B25032_013,23504
2014,11207,B25032_013,24343
2015,11207,B25032_013,24527
2016,11207,B25032_013,24243
2017,11207,B25032_013,24552
2018,11207,B25032_013,24800
2019,11207,B25032_013,24619
2020,11207,B25032_013,24766
2021,11207,B25032_013,24859
2012,11208,B25032_013,21260
2013,11208,B25032_013,21564
2014,11208,B25032_013,21868
2015,11208,B25032_013,22453
2016,11208,B25032_013,22847
2017,11208,B25032_013,23382
2018,11208,B25032_013,23804
2019,11208,B25032_013,24388
2020,11208,B25032_013,25314
2021,11208,B25032_013,24485
2012,11209,B25032_013,19948
2013,11209,B25032_013,19921
2014,11209,B25032_013,20222
2015,11209,B25032_013,19777
2016,11209,B25032_013,18912
2017,11209,B25032_013,18371
2018,11209,B25032_013,18269
2019,11209,B25032_013,17976
2020,11209,B25032_013,17812
2021,11209,B25032_013,18592
2012,11210,B25032_013,11573
2013,11210,B25032_013,11538
2014,11210,B25032_013,11898
2015,11210,B25032_013,11873
2016,11210,B25032_013,12359
2017,11210,B25032_013,12270
2018,11210,B25032_013,12361
2019,11210,B25032_013,12229
2020,11210,B25032_013,12250
2021,11210,B25032_013,11990
2012,11211,B25032_013,28804
2013,11211,B25032_013,30055
2014,11211,B25032_013,30679
2015,11211,B25032_013,31447
2016,11211,B25032_013,32060
2017,11211,B25032_013,32234
2018,11211,B25032_013,32900
2019,11211,B25032_013,33582
2020,11211,B25032_013,34275
2021,11211,B25032_013,22025
2012,11212,B25032_013,25242
2013,11212,B25032_013,25449
2014,11212,B25032_013,26188
2015,11212,B25032_013,26761
2016,11212,B25032_013,26860
2017,11212,B25032_013,26936
2018,11212,B25032_013,26805
2019,11212,B25032_013,27245
2020,11212,B25032_013,26681
2021,11212,B25032_013,27262
2012,11213,B25032_013,19481
2013,11213,B25032_013,19865
2014,11213,B25032_013,20094
2015,11213,B25032_013,20813
2016,11213,B25032_013,20880
2017,11213,B25032_013,20781
2018,11213,B25032_013,21124
2019,11213,B25032_013,21448
2020,11213,B25032_013,21843
2021,11213,B25032_013,21769
2012,11214,B25032_013,19746
2013,11214,B25032_013,19898
2014,11214,B25032_013,20620
2015,11214,B25032_013,21140
2016,11214,B25032_013,21028
2017,11214,B25032_013,21029
2018,11214,B25032_013,21304
2019,11214,B25032_013,21125
2020,11214,B25032_013,20535
2021,11214,B25032_013,20597
2012,11215,B25032_013,17809
2013,11215,B25032_013,17847
2014,11215,B25032_013,18198
2015,11215,B25032_013,18215
2016,11215,B25032_013,18089
2017,11215,B25032_013,17393
2018,11215,B25032_013,17024
2019,11215,B25032_013,16687
2020,11215,B25032_013,17092
2021,11215,B25032_013,17166
2012,11216,B25032_013,17815
2013,11216,B25032_013,17555
2014,11216,B25032_013,18275
2015,11216,B25032_013,18330
2016,11216,B25032_013,18650
2017,11216,B25032_013,18687
2018,11216,B25032_013,18751
2019,11216,B25032_013,19334
2020,11216,B25032_013,19546
2021,11216,B25032_013,19747
2012,11217,B25032_013,11808
2013,11217,B25032_013,11884
2014,11217,B25032_013,11756
2015,11217,B25032_013,11824
2016,11217,B25032_013,11526
2017,11217,B25032_013,11682
2018,11217,B25032_013,12230
2019,11217,B25032_013,12860
2020,11217,B25032_013,13324
2021,11217,B25032_013,12899
2012,11218,B25032_013,16401
2013,11218,B25032_013,16671
2014,11218,B25032_013,16541
2015,11218,B25032_013,16599
2016,11218,B25032_013,16167
2017,11218,B25032_013,16060
2018,11218,B25032_013,15760
2019,11218,B25032_013,15470
2020,11218,B25032_013,15202
2021,11218,B25032_013,15588
2012,11219,B25032_013,19968
2013,11219,B25032_013,19971
2014,11219,B25032_013,20012
2015,11219,B25032_013,19564
2016,11219,B25032_013,19505
2017,11219,B25032_013,18538
2018,11219,B25032_013,17743
2019,11219,B25032_013,17594
2020,11219,B25032_013,17708
2021,11219,B25032_013,17594
2012,11220,B25032_013,22981
2013,11220,B25032_013,22759
2014,11220,B25032_013,22464
2015,11220,B25032_013,22625
2016,11220,B25032_013,22084
2017,11220,B25032_013,21476
2018,11220,B25032_013,20781
2019,11220,B25032_013,20203
2020,11220,B25032_013,20223
2021,11220,B25032_013,19772
2012,11221,B25032_013,21977
2013,11221,B25032_013,22177
2014,11221,B25032_013,22845
2015,11221,B25032_013,23045
2016,11221,B25032_013,23251
2017,11221,B25032_013,23258
2018,11221,B25032_013,24225
2019,11221,B25032_013,24469
2020,11221,B25032_013,26087
2021,11221,B25032_013,26596
2012,11222,B25032_013,12990
2013,11222,B25032_013,13169
2014,11222,B25032_013,13201
2015,11222,B25032_013,13259
2016,11222,B25032_013,13601
2017,11222,B25032_013,14202
2018,11222,B25032_013,14165
2019,11222,B25032_013,14405
2020,11222,B25032_013,14845
2021,11222,B25032_013,15260
2012,11223,B25032_013,16180
2013,11223,B25032_013,16576
2014,11223,B25032_013,17024
2015,11223,B25032_013,17624
2016,11223,B25032_013,17848
2017,11223,B25032_013,17775
2018,11223,B25032_013,17994
2019,11223,B25032_013,17891
2020,11223,B25032_013,17394
2021,11223,B25032_013,17185
2012,11224,B25032_013,13599
2013,11224,B25032_013,13043
2014,11224,B25032_013,12736
2015,11224,B25032_013,12932
2016,11224,B25032_013,13080
2017,11224,B25032_013,13306
2018,11224,B25032_013,13522
2019,11224,B25032_013,14059
2020,11224,B25032_013,13467
2021,11224,B25032_013,13185
2012,11225,B25032_013,19746
2013,11225,B25032_013,19299
2014,11225,B25032_013,19475
2015,11225,B25032_013,19860
2016,11225,B25032_013,20105
2017,11225,B25032_013,19858
2018,11225,B25032_013,20328
2019,11225,B25032_013,20255
2020,11225,B25032_013,19745
2021,11225,B25032_013,19904
2012,11226,B25032_013,31913
2013,11226,B25032_013,31004
2014,11226,B25032_013,31336
2015,11226,B25032_013,31478
2016,11226,B25032_013,31716
2017,11226,B25032_013,31995
2018,11226,B25032_013,32169
2019,11226,B25032_013,32377
2020,11226,B25032_013,32752
2021,11226,B25032_013,32239
2012,11228,B25032_013,6356
2013,11228,B25032_013,6315
2014,11228,B25032_013,6547
2015,11228,B25032_013,6615
2016,11228,B25032_013,6607
2017,11228,B25032_013,6551
2018,11228,B25032_013,6863
2019,11228,B25032_013,6770
2020,11228,B25032_013,6956
2021,11228,B25032_013,7009
2012,11229,B25032_013,16819
2013,11229,B25032_013,16626
2014,11229,B25032_013,16814
2015,11229,B25032_013,16451
2016,11229,B25032_013,16360
2017,11229,B25032_013,16184
2018,11229,B25032_013,16345
2019,11229,B25032_013,16332
2020,11229,B25032_013,16342
2021,11229,B25032_013,15723
2012,11230,B25032_013,20947
2013,11230,B25032_013,21086
2014,11230,B25032_013,21654
2015,11230,B25032_013,21995
2016,11230,B25032_013,22012
2017,11230,B25032_013,21959
2018,11230,B25032_013,21482
2019,11230,B25032_013,20846
2020,11230,B25032_013,21645
2021,11230,B25032_013,21987
2012,11231,B25032_013,11467
2013,11231,B25032_013,11098
2014,11231,B25032_013,11275
2015,11231,B25032_013,11171
2016,11231,B25032_013,11196
2017,11231,B25032_013,10921
2018,11231,B25032_013,10783
2019,11231,B25032_013,10615
2020,11231,B25032_013,10716
2021,11231,B25032_013,11422
2012,11232,B25032_013,6941
2013,11232,B25032_013,6802
2014,11232,B25032_013,6696
2015,11232,B25032_013,6770
2016,11232,B25032_013,6737
2017,11232,B25032_013,6538
2018,11232,B25032_013,6590
2019,11232,B25032_013,6568
2020,11232,B25032_013,6924
2021,11232,B25032_013,6936
2012,11233,B25032_013,19915
2013,11233,B25032_013,20035
2014,11233,B25032_013,20445
2015,11233,B25032_013,20867
2016,11233,B25032_013,21534
2017,11233,B25032_013,22156
2018,11233,B25032_013,22688
2019,11233,B25032_013,23627
2020,11233,B25032_013,24712
2021,11233,B25032_013,24326
2012,11234,B25032_013,10413
2013,11234,B25032_013,10535
2014,11234,B25032_013,10635
2015,11234,B25032_013,10857
2016,11234,B25032_013,10650
2017,11234,B25032_013,10248
2018,11234,B25032_013,10186
2019,11234,B25032_013,10362
2020,11234,B25032_013,10329
2021,11234,B25032_013,10598
2012,11235,B25032_013,18950
2013,11235,B25032_013,19220
2014,11235,B25032_013,19189
2015,11235,B25032_013,19086
2016,11235,B25032_013,19068
2017,11235,B25032_013,19396
2018,11235,B25032_013,19499
2019,11235,B25032_013,19759
2020,11235,B25032_013,19990
2021,11235,B25032_013,21496
2012,11236,B25032_013,16106
2013,11236,B25032_013,16387
2014,11236,B25032_013,16513
2015,11236,B25032_013,16853
2016,11236,B25032_013,16941
2017,11236,B25032_013,16893
2018,11236,B25032_013,17054
2019,11236,B25032_013,17261
2020,11236,B25032_013,17605
2021,11236,B25032_013,17318
2012,11237,B25032_013,14781
2013,11237,B25032_013,15033
2014,11237,B25032_013,15148
2015,11237,B25032_013,15052
2016,11237,B25032_013,15242
2017,11237,B25032_013,15096
2018,11237,B25032_013,15072
2019,11237,B25032_013,15489
2020,11237,B25032_013,15814
2021,11237,B25032_013,15638
2012,11238,B25032_013,16303
2013,11238,B25032_013,16403
2014,11238,B25032_013,16479
2015,11238,B25032_013,16643
2016,11238,B25032_013,16959
2017,11238,B25032_013,17320
2018,11238,B25032_013,17219
2019,11238,B25032_013,17488
2020,11238,B25032_013,17604
2021,11238,B25032_013,18375
2012,11239,B25032_013,6263
2013,11239,B25032_013,6238
2014,11239,B25032_013,6163
2015,11239,B25032_013,6188
2016,11239,B25032_013,6306
2017,11239,B25032_013,6415
2018,11239,B25032_013,6549
2019,11239,B25032_013,6538
2020,11239,B25032_013,6578
2021,11239,B25032_013,7198
2012,11354,B25032_013,11733
2013,11354,B25032_013,11850
2014,11354,B25032_013,11693
2015,11354,B25032_013,12235
2016,11354,B25032_013,12440
2017,11354,B25032_013,12273
2018,11354,B25032_013,12331
2019,11354,B25032_013,12512
2020,11354,B25032_013,12442
2021,11354,B25032_013,12491
2012,11355,B25032_013,19111
2013,11355,B25032_013,18956
2014,11355,B25032_013,18825
2015,11355,B25032_013,18681
2016,11355,B25032_013,18648
2017,11355,B25032_013,18994
2018,11355,B25032_013,19290
2019,11355,B25032_013,19363
2020,11355,B25032_013,19853
2021,11355,B25032_013,20480
2012,11356,B25032_013,3956
2013,11356,B25032_013,3951
2014,11356,B25032_013,3878
2015,11356,B25032_013,4205
2016,11356,B25032_013,3865
2017,11356,B25032_013,3915
2018,11356,B25032_013,4155
2019,11356,B25032_013,4115
2020,11356,B25032_013,3863
2021,11356,B25032_013,4091
2012,11357,B25032_013,4202
2013,11357,B25032_013,4237
2014,11357,B25032_013,3921
2015,11357,B25032_013,3749
2016,11357,B25032_013,3719
2017,11357,B25032_013,3508
2018,11357,B25032_013,3276
2019,11357,B25032_013,3471
2020,11357,B25032_013,3969
2021,11357,B25032_013,3965
2012,11358,B25032_013,5947
2013,11358,B25032_013,5901
2014,11358,B25032_013,5692
2015,11358,B25032_013,5760
2016,11358,B25032_013,5766
2017,11358,B25032_013,5647
2018,11358,B25032_013,5835
2019,11358,B25032_013,5779
2020,11358,B25032_013,5462
2021,11358,B25032_013,5403
2012,11360,B25032_013,2883
2013,11360,B25032_013,2813
2014,11360,B25032_013,2691
2015,11360,B25032_013,2701
2016,11360,B25032_013,2762
2017,11360,B25032_013,2457
2018,11360,B25032_013,2444
2019,11360,B25032_013,2336
2020,11360,B25032_013,2206
2021,11360,B25032_013,2387
2012,11361,B25032_013,4341
2013,11361,B25032_013,4666
2014,11361,B25032_013,4483
2015,11361,B25032_013,4481
2016,11361,B25032_013,4545
2017,11361,B25032_013,4370
2018,11361,B25032_013,4276
2019,11361,B25032_013,4229
2020,11361,B25032_013,4070
2021,11361,B25032_013,4133
2012,11362,B25032_013,1333
2013,11362,B25032_013,1504
2014,11362,B25032_013,1460
2015,11362,B25032_013,1455
2016,11362,B25032_013,1354
2017,11362,B25032_013,1423
2018,11362,B25032_013,1447
2019,11362,B25032_013,1438
2020,11362,B25032_013,1522
2021,11362,B25032_013,1686
2012,11364,B25032_013,3362
2013,11364,B25032_013,3420
2014,11364,B25032_013,3411
2015,11364,B25032_013,3606
2016,11364,B25032_013,3625
2017,11364,B25032_013,3513
2018,11364,B25032_013,3561
2019,11364,B25032_013,3720
2020,11364,B25032_013,3882
2021,11364,B25032_013,4124
2012,11365,B25032_013,8493
2013,11365,B25032_013,8174
2014,11365,B25032_013,7918
2015,11365,B25032_013,8320
2016,11365,B25032_013,7769
2017,11365,B25032_013,8042
2018,11365,B25032_013,8198
2019,11365,B25032_013,8250
2020,11365,B25032_013,8525
2021,11365,B25032_013,8490
2012,11366,B25032_013,1214
2013,11366,B25032_013,1292
2014,11366,B25032_013,1226
2015,11366,B25032_013,1187
2016,11366,B25032_013,1371
2017,11366,B25032_013,1334
2018,11366,B25032_013,1364
2019,11366,B25032_013,1524
2020,11366,B25032_013,1342
2021,11366,B25032_013,1335
2012,11367,B25032_013,7706
2013,11367,B25032_013,7745
2014,11367,B25032_013,7887
2015,11367,B25032_013,7709
2016,11367,B25032_013,7813
2017,11367,B25032_013,7775
2018,11367,B25032_013,7778
2019,11367,B25032_013,7674
2020,11367,B25032_013,7516
2021,11367,B25032_013,7734
2012,11368,B25032_013,22137
2013,11368,B25032_013,22639
2014,11368,B25032_013,23022
2015,11368,B25032_013,22913
2016,11368,B25032_013,22447
2017,11368,B25032_013,22029
2018,11368,B25032_013,22327
2019,11368,B25032_013,22715
2020,11368,B25032_013,22409
2021,11368,B25032_013,23633
2012,11369,B25032_013,5606
2013,11369,B25032_013,5947
2014,11369,B25032_013,6101
2015,11369,B25032_013,6033
2016,11369,B25032_013,5603
2017,11369,B25032_013,5181
2018,11369,B25032_013,4685
2019,11369,B25032_013,4272
2020,11369,B25032_013,3882
2021,11369,B25032_013,3820
2012,11370,B25032_013,4394
2013,11370,B25032_013,4491
2014,11370,B25032_013,4704
2015,11370,B25032_013,4811
2016,11370,B25032_013,4591
2017,11370,B25032_013,4317
2018,11370,B25032_013,3911
2019,11370,B25032_013,3776
2020,11370,B25032_013,3564
2021,11370,B25032_013,3716
2012,11371,B25032_013,0
2013,11371,B25032_013,0
2014,11371,B25032_013,0
2015,11371,B25032_013,0
2016,11371,B25032_013,0
2017,11371,B25032_013,0
2018,11371,B25032_013,0
2019,11371,B25032_013,0
2020,11371,B25032_013,0
2021,11371,B25032_013,0
2012,11372,B25032_013,16380
2013,11372,B25032_013,16524
2014,11372,B25032_013,16914
2015,11372,B25032_013,17415
2016,11372,B25032_013,16888
2017,11372,B25032_013,16698
2018,11372,B25032_013,16271
2019,11372,B25032_013,15942
2020,11372,B25032_013,15908
2021,11372,B25032_013,16494
2012,11373,B25032_013,23060
2013,11373,B25032_013,22785
2014,11373,B25032_013,23067
2015,11373,B25032_013,22902
2016,11373,B25032_013,22534
2017,11373,B25032_013,21004
2018,11373,B25032_013,21371
2019,11373,B25032_013,21220
2020,11373,B25032_013,21631
2021,11373,B25032_013,22244
2012,11374,B25032_013,11801
2013,11374,B25032_013,12154
2014,11374,B25032_013,12771
2015,11374,B25032_013,12667
2016,11374,B25032_013,12350
2017,11374,B25032_013,12178
2018,11374,B25032_013,11892
2019,11374,B25032_013,11763
2020,11374,B25032_013,11156
2021,11374,B25032_013,11873
2012,11375,B25032_013,15958
2013,11375,B25032_013,16026
2014,11375,B25032_013,15849
2015,11375,B25032_013,16200
2016,11375,B25032_013,16235
2017,11375,B25032_013,16220
2018,11375,B25032_013,16160
2019,11375,B25032_013,15970
2020,11375,B25032_013,15576
2021,11375,B25032_013,15664
2012,11377,B25032_013,22951
2013,11377,B25032_013,22855
2014,11377,B25032_013,22922
2015,11377,B25032_013,22354
2016,11377,B25032_013,22110
2017,11377,B25032_013,22068
2018,11377,B25032_013,21712
2019,11377,B25032_013,21359
2020,11377,B25032_013,21667
2021,11377,B25032_013,22393
2012,11378,B25032_013,5884
2013,11378,B25032_013,5978
2014,11378,B25032_013,6022
2015,11378,B25032_013,5998
2016,11378,B25032_013,6174
2017,11378,B25032_013,5995
2018,11378,B25032_013,6192
2019,11378,B25032_013,6153
2020,11378,B25032_013,5874
2021,11378,B25032_013,5954
2012,11379,B25032_013,5602
2013,11379,B25032_013,5592
2014,11379,B25032_013,5572
2015,11379,B25032_013,5498
2016,11379,B25032_013,5276
2017,11379,B25032_013,5210
2018,11379,B25032_013,5286
2019,11379,B25032_013,5415
2020,11379,B25032_013,5437
2021,11379,B25032_013,5750
2012,11385,B25032_013,24303
2013,11385,B25032_013,24729
2014,11385,B25032_013,24365
2015,11385,B25032_013,24197
2016,11385,B25032_013,23997
2017,11385,B25032_013,23770
2018,11385,B25032_013,23854
2019,11385,B25032_013,24364
2020,11385,B25032_013,24521
2021,11385,B25032_013,25742
2012,11411,B25032_013,1020
2013,11411,B25032_013,1108
2014,11411,B25032_013,1100
2015,11411,B25032_013,984
2016,11411,B25032_013,917
2017,11411,B25032_013,881
2018,11411,B25032_013,880
2019,11411,B25032_013,847
2020,11411,B25032_013,800
2021,11411,B25032_013,950
2012,11412,B25032_013,2638
2013,11412,B25032_013,2735
2014,11412,B25032_013,2856
2015,11412,B25032_013,2839
2016,11412,B25032_013,2993
2017,11412,B25032_013,2849
2018,11412,B25032_013,2833
2019,11412,B25032_013,2670
2020,11412,B25032_013,2830
2021,11412,B25032_013,2688
2012,11413,B25032_013,2906
2013,11413,B25032_013,3036
2014,11413,B25032_013,3133
2015,11413,B25032_013,3323
2016,11413,B25032_013,3479
2017,11413,B25032_013,3419
2018,11413,B25032_013,3588
2019,11413,B25032_013,3502
2020,11413,B25032_013,3543
2021,11413,B25032_013,3327
2012,11414,B25032_013,3029
2013,11414,B25032_013,2923
2014,11414,B25032_013,2750
2015,11414,B25032_013,3072
2016,11414,B25032_013,2917
2017,11414,B25032_013,3194
2018,11414,B25032_013,3227
2019,11414,B25032_013,2926
2020,11414,B25032_013,2842
2021,11414,B25032_013,2820
2012,11415,B25032_013,5451
2013,11415,B25032_013,5437
2014,11415,B25032_013,5255
2015,11415,B25032_013,5204
2016,11415,B25032_013,5301
2017,11415,B25032_013,5474
2018,11415,B25032_013,5380
2019,11415,B25032_013,5404
2020,11415,B25032_013,4760
2021,11415,B25032_013,5136
2012,11416,B25032_013,3899
2013,11416,B25032_013,4026
2014,11416,B25032_013,4046
2015,11416,B25032_013,4137
2016,11416,B25032_013,4168
2017,11416,B25032_013,4145
2018,11416,B25032_013,4093
2019,11416,B25032_013,3978
2020,11416,B25032_013,4122
2021,11416,B25032_013,3878
2012,11417,B25032_013,4203
2013,11417,B25032_013,4299
2014,11417,B25032_013,4220
2015,11417,B25032_013,4092
2016,11417,B25032_013,3923
2017,11417,B25032_013,3594
2018,11417,B25032_013,3609
2019,11417,B25032_013,3454
2020,11417,B25032_013,3632
2021,11417,B25032_013,3683
2012,11418,B25032_013,6275
2013,11418,B25032_013,6341
2014,11418,B25032_013,6509
2015,11418,B25032_013,6577
2016,11418,B25032_013,6332
2017,11418,B25032_013,6278
2018,11418,B25032_013,6177
2019,11418,B25032_013,6154
2020,11418,B25032_013,6045
2021,11418,B25032_013,6000
2012,11419,B25032_013,5502
2013,11419,B25032_013,5390
2014,11419,B25032_013,5528
2015,11419,B25032_013,5518
2016,11419,B25032_013,5499
2017,11419,B25032_013,5234
2018,11419,B25032_013,5128
2019,11419,B25032_013,4661
2020,11419,B25032_013,4640
2021,11419,B25032_013,4938
2012,11420,B25032_013,4107
2013,11420,B25032_013,4088
2014,11420,B25032_013,4343
2015,11420,B25032_013,4527
2016,11420,B25032_013,4551
2017,11420,B25032_013,4315
2018,11420,B25032_013,4360
2019,11420,B25032_013,4108
2020,11420,B25032_013,3731
2021,11420,B25032_013,4057
2012,11421,B25032_013,5881
2013,11421,B25032_013,5700
2014,11421,B25032_013,5506
2015,11421,B25032_013,5436
2016,11421,B25032_013,5359
2017,11421,B25032_013,5127
2018,11421,B25032_013,5178
2019,11421,B25032_013,5315
2020,11421,B25032_013,5254
2021,11421,B25032_013,5644
2012,11422,B25032_013,2869
2013,11422,B25032_013,3282
2014,11422,B25032_013,3211
2015,11422,B25032_013,3318
2016,11422,B25032_013,3433
2017,11422,B25032_013,3457
2018,11422,B25032_013,3254
2019,11422,B25032_013,3395
2020,11422,B25032_013,3322
2021,11422,B25032_013,3218
2012,11423,B25032_013,3793
2013,11423,B25032_013,3862
2014,11423,B25032_013,4053
2015,11423,B25032_013,3951
2016,11423,B25032_013,4182
2017,11423,B25032_013,4220
2018,11423,B25032_013,4115
2019,11423,B25032_013,4019
2020,11423,B25032_013,4155
2021,11423,B25032_013,4161
2012,11424,B25032_013,0
2013,11424,B25032_013,0
2014,11424,B25032_013,0
2015,11424,B25032_013,0
2016,11424,B25032_013,0
2017,11424,B25032_013,0
2018,11424,B25032_013,0
2019,11424,B25032_013,0
2020,11424,B25032_013,0
2021,11424,B25032_013,0
2012,11425,B25032_013,0
2013,11425,B25032_013,0
2014,11425,B25032_013,0
2015,11425,B25032_013,0
2016,11425,B25032_013,0
2017,11425,B25032_013,0
2018,11425,B25032_013,0
2019,11425,B25032_013,0
2020,11425,B25032_013,0
2012,11426,B25032_013,1409
2013,11426,B25032_013,1320
2014,11426,B25032_013,1445
2015,11426,B25032_013,1494
2016,11426,B25032_013,1472
2017,11426,B25032_013,1486
2018,11426,B25032_013,1524
2019,11426,B25032_013,1440
2020,11426,B25032_013,1476
2021,11426,B25032_013,1738
2012,11427,B25032_013,3129
2013,11427,B25032_013,3005
2014,11427,B25032_013,3083
2015,11427,B25032_013,3234
2016,11427,B25032_013,3008
2017,11427,B25032_013,2855
2018,11427,B25032_013,3001
2019,11427,B25032_013,3076
2020,11427,B25032_013,3014
2021,11427,B25032_013,2894
2012,11428,B25032_013,1870
2013,11428,B25032_013,1862
2014,11428,B25032_013,2095
2015,11428,B25032_013,1937
2016,11428,B25032_013,1969
2017,11428,B25032_013,1811
2018,11428,B25032_013,1726
2019,11428,B25032_013,1611
2020,11428,B25032_013,1748
2021,11428,B25032_013,1577
2012,11429,B25032_013,2640
2013,11429,B25032_013,2539
2014,11429,B25032_013,2438
2015,11429,B25032_013,2131
2016,11429,B25032_013,2197
2017,11429,B25032_013,2177
2018,11429,B25032_013,2060
2019,11429,B25032_013,2135
2020,11429,B25032_013,2203
2021,11429,B25032_013,2212
2012,11430,B25032_013,0
2013,11430,B25032_013,0
2014,11430,B25032_013,0
2015,11430,B25032_013,0
2016,11430,B25032_013,0
2017,11430,B25032_013,0
2018,11430,B25032_013,0
2019,11430,B25032_013,0
2020,11430,B25032_013,0
2021,11430,B25032_013,0
2012,11432,B25032_013,11123
2013,11432,B25032_013,11309
2014,11432,B25032_013,11973
2015,11432,B25032_013,11733
2016,11432,B25032_013,11719
2017,11432,B25032_013,11834
2018,11432,B25032_013,11756
2019,11432,B25032_013,11431
2020,11432,B25032_013,11330
2021,11432,B25032_013,12157
2012,11433,B25032_013,5703
2013,11433,B25032_013,5783
2014,11433,B25032_013,6191
2015,11433,B25032_013,6014
2016,11433,B25032_013,6020
2017,11433,B25032_013,5908
2018,11433,B25032_013,5843
2019,11433,B25032_013,5905
2020,11433,B25032_013,6017
2021,11433,B25032_013,5824
2012,11434,B25032_013,10356
2013,11434,B25032_013,10298
2014,11434,B25032_013,10450
2015,11434,B25032_013,10505
2016,11434,B25032_013,10680
2017,11434,B25032_013,10654
2018,11434,B25032_013,10937
2019,11434,B25032_013,11058
2020,11434,B25032_013,10812
2021,11434,B25032_013,11365
2012,11435,B25032_013,10995
2013,11435,B25032_013,11647
2014,11435,B25032_013,11742
2015,11435,B25032_013,12054
2016,11435,B25032_013,12296
2017,11435,B25032_013,12087
2018,11435,B25032_013,12006
2019,11435,B25032_013,11910
2020,11435,B25032_013,12679
2021,11435,B25032_013,12106
2012,11436,B25032_013,1618
2013,11436,B25032_013,1610
2014,11436,B25032_013,1633
2015,11436,B25032_013,1747
2016,11436,B25032_013,1660
2017,11436,B25032_013,1600
2018,11436,B25032_013,1516
2019,11436,B25032_013,1641
2020,11436,B25032_013,1679
2021,11436,B25032_013,1822
2021,11439,B25032_013,0
2012,11451,B25032_013,0
2013,11451,B25032_013,0
2014,11451,B25032_013,0
2015,11451,B25032_013,0
2016,11451,B25032_013,0
2017,11451,B25032_013,0
2018,11451,B25032_013,0
2019,11451,B25032_013,0
2020,11451,B25032_013,0
2021,11451,B25032_013,0
2012,11510,B25032_013,1736
2013,11510,B25032_013,1846
2014,11510,B25032_013,1770
2015,11510,B25032_013,1710
2016,11510,B25032_013,1732
2017,11510,B25032_013,1585
2018,11510,B25032_013,1410
2019,11510,B25032_013,1294
2020,11510,B25032_013,1421
2021,11510,B25032_013,1198
2012,11548,B25032_013,74
2013,11548,B25032_013,94
2014,11548,B25032_013,100
2015,11548,B25032_013,118
2016,11548,B25032_013,135
2017,11548,B25032_013,178
2018,11548,B25032_013,161
2019,11548,B25032_013,199
2020,11548,B25032_013,179
2021,11548,B25032_013,102
2012,11566,B25032_013,469
2013,11566,B25032_013,630
2014,11566,B25032_013,615
2015,11566,B25032_013,581
2016,11566,B25032_013,578
2017,11566,B25032_013,628
2018,11566,B25032_013,529
2019,11566,B25032_013,552
2020,11566,B25032_013,496
2021,11566,B25032_013,483
2012,11577,B25032_013,534
2013,11577,B25032_013,550
2014,11577,B25032_013,451
2015,11577,B25032_013,484
2016,11577,B25032_013,543
2017,11577,B25032_013,604
2018,11577,B25032_013,564
2019,11577,B25032_013,547
2020,11577,B25032_013,569
2021,11577,B25032_013,397
2012,11580,B25032_013,2065
2013,11580,B25032_013,2261
2014,11580,B25032_013,2355
2015,11580,B25032_013,2233
2016,11580,B25032_013,2255
2017,11580,B25032_013,2049
2018,11580,B25032_013,2105
2019,11580,B25032_013,1860
2020,11580,B25032_013,1956
2021,11580,B25032_013,1942
2012,11598,B25032_013,504
2013,11598,B25032_013,389
2014,11598,B25032_013,397
2015,11598,B25032_013,425
2016,11598,B25032_013,440
2017,11598,B25032_013,452
2018,11598,B25032_013,564
2019,11598,B25032_013,561
2020,11598,B25032_013,502
2021,11598,B25032_013,513
2012,11691,B25032_013,14444
2013,11691,B25032_013,14117
2014,11691,B25032_013,14503
2015,11691,B25032_013,14766
2016,11691,B25032_013,15153
2017,11691,B25032_013,15182
2018,11691,B25032_013,15630
2019,11691,B25032_013,16014
2020,11691,B25032_013,15929
2021,11691,B25032_013,15959
2012,11692,B25032_013,3807
2013,11692,B25032_013,3974
2014,11692,B25032_013,4066
2015,11692,B25032_013,4066
2016,11692,B25032_013,4069
2017,11692,B25032_013,4076
2018,11692,B25032_013,4477
2019,11692,B25032_013,4715
2020,11692,B25032_013,4703
2021,11692,B25032_013,5269
2012,11693,B25032_013,2423
2013,11693,B25032_013,2526
2014,11693,B25032_013,2492
2015,11693,B25032_013,2371
2016,11693,B25032_013,2389
2017,11693,B25032_013,2424
2018,11693,B25032_013,2389
2019,11693,B25032_013,2420
2020,11693,B25032_013,2683
2021,11693,B25032_013,2833
2012,11694,B25032_013,3546
2013,11694,B25032_013,3620
2014,11694,B25032_013,3772
2015,11694,B25032_013,3946
2016,11694,B25032_013,4002
2017,11694,B25032_013,4090
2018,11694,B25032_013,3963
2019,11694,B25032_013,3894
2020,11694,B25032_013,3762
2021,11694,B25032_013,3892
2012,11731,B25032_013,1056
2013,11731,B25032_013,1113
2014,11731,B25032_013,1091
2015,11731,B25032_013,1259
2016,11731,B25032_013,1343
2017,11731,B25032_013,1272
2018,11731,B25032_013,1120
2019,11731,B25032_013,930
2020,11731,B25032_013,1055
2021,11731,B25032_013,968
2012,11798,B25032_013,1296
2013,11798,B25032_013,1251
2014,11798,B25032_013,1286
2015,11798,B25032_013,1191
2016,11798,B25032_013,1128
2017,11798,B25032_013,1077
2018,11798,B25032_013,956
2019,11798,B25032_013,949
2020,11798,B25032_013,1033
2021,11798,B25032_013,1398
2012,11968,B25032_013,1073
2013,11968,B25032_013,1059
2014,11968,B25032_013,1080
2015,11968,B25032_013,1133
2016,11968,B25032_013,1038
2017,11968,B25032_013,852
2018,11968,B25032_013,865
2019,11968,B25032_013,812
2020,11968,B25032_013,729
2021,11968,B25032_013,883
2012,12423,B25032_013,94
2013,12423,B25032_013,64
2014,12423,B25032_013,74
2015,12423,B25032_013,86
2016,12423,B25032_013,94
2017,12423,B25032_013,102
2018,12423,B25032_013,120
2019,12423,B25032_013,108
2020,12423,B25032_013,122
2021,12423,B25032_013,87
2012,12428,B25032_013,1016
2013,12428,B25032_013,926
2014,12428,B25032_013,840
2015,12428,B25032_013,872
2016,12428,B25032_013,952
2017,12428,B25032_013,1117
2018,12428,B25032_013,1144
2019,12428,B25032_013,1089
2020,12428,B25032_013,1079
2021,12428,B25032_013,1195
2012,12435,B25032_013,19
2013,12435,B25032_013,17
2014,12435,B25032_013,20
2015,12435,B25032_013,50
2016,12435,B25032_013,47
2017,12435,B25032_013,44
2018,12435,B25032_013,48
2019,12435,B25032_013,31
2020,12435,B25032_013,0
2021,12435,B25032_013,0
2012,12458,B25032_013,232
2013,12458,B25032_013,301
2014,12458,B25032_013,270
2015,12458,B25032_013,305
2016,12458,B25032_013,323
2017,12458,B25032_013,275
2018,12458,B25032_013,298
2019,12458,B25032_013,292
2020,12458,B25032_013,333
2021,12458,B25032_013,113
2012,12466,B25032_013,231
2013,12466,B25032_013,190
2014,12466,B25032_013,192
2015,12466,B25032_013,163
2016,12466,B25032_013,181
2017,12466,B25032_013,168
2018,12466,B25032_013,177
2019,12466,B25032_013,158
2020,12466,B25032_013,169
2021,12466,B25032_013,166
2012,12473,B25032_013,10
2013,12473,B25032_013,9
2014,12473,B25032_013,12
2015,12473,B25032_013,10
2016,12473,B25032_013,7
2017,12473,B25032_013,0
2018,12473,B25032_013,0
2019,12473,B25032_013,0
2020,12473,B25032_013,0
2021,12473,B25032_013,23
2012,12528,B25032_013,1715
2013,12528,B25032_013,1733
2014,12528,B25032_013,1690
2015,12528,B25032_013,1629
2016,12528,B25032_013,1545
2017,12528,B25032_013,1602
2018,12528,B25032_013,1583
2019,12528,B25032_013,1765
2020,12528,B25032_013,1723
2021,12528,B25032_013,1748
2012,12701,B25032_013,2261
2013,12701,B25032_013,2565
2014,12701,B25032_013,2565
2015,12701,B25032_013,2547
2016,12701,B25032_013,2294
2017,12701,B25032_013,2261
2018,12701,B25032_013,2205
2019,12701,B25032_013,2149
2020,12701,B25032_013,2058
2021,12701,B25032_013,2408
2012,12733,B25032_013,103
2013,12733,B25032_013,109
2014,12733,B25032_013,87
2015,12733,B25032_013,158
2016,12733,B25032_013,181
2017,12733,B25032_013,170
2018,12733,B25032_013,176
2019,12733,B25032_013,165
2020,12733,B25032_013,99
2021,12733,B25032_013,104
2012,12734,B25032_013,106
2013,12734,B25032_013,95
2014,12734,B25032_013,106
2015,12734,B25032_013,88
2016,12734,B25032_013,100
2017,12734,B25032_013,101
2018,12734,B25032_013,121
2019,12734,B25032_013,139
2020,12734,B25032_013,164
2021,12734,B25032_013,155
2012,12737,B25032_013,169
2013,12737,B25032_013,155
2014,12737,B25032_013,120
2015,12737,B25032_013,131
2016,12737,B25032_013,135
2017,12737,B25032_013,94
2018,12737,B25032_013,94
2019,12737,B25032_013,91
2020,12737,B25032_013,54
2021,12737,B25032_013,48
2012,12750,B25032_013,12
2013,12750,B25032_013,20
2014,12750,B25032_013,5
2015,12750,B25032_013,25
2016,12750,B25032_013,23
2017,12750,B25032_013,20
2018,12750,B25032_013,25
2019,12750,B25032_013,21
2020,12750,B25032_013,17
2021,12750,B25032_013,3
2012,12751,B25032_013,141
2013,12751,B25032_013,165
2014,12751,B25032_013,183
2015,12751,B25032_013,186
2016,12751,B25032_013,141
2017,12751,B25032_013,176
2018,12751,B25032_013,163
2019,12751,B25032_013,191
2020,12751,B25032_013,204
2021,12751,B25032_013,225
2012,12754,B25032_013,1332
2013,12754,B25032_013,1402
2014,12754,B25032_013,1300
2015,12754,B25032_013,1269
2016,12754,B25032_013,1188
2017,12754,B25032_013,1199
2018,12754,B25032_013,1098
2019,12754,B25032_013,1235
2020,12754,B25032_013,1304
2021,12754,B25032_013,1526
2012,12758,B25032_013,569
2013,12758,B25032_013,514
2014,12758,B25032_013,515
2015,12758,B25032_013,502
2016,12758,B25032_013,413
2017,12758,B25032_013,476
2018,12758,B25032_013,484
2019,12758,B25032_013,475
2020,12758,B25032_013,449
2021,12758,B25032_013,348
2012,12759,B25032_013,245
2013,12759,B25032_013,174
2014,12759,B25032_013,145
2015,12759,B25032_013,176
2016,12759,B25032_013,126
2017,12759,B25032_013,172
2018,12759,B25032_013,199
2019,12759,B25032_013,182
2020,12759,B25032_013,237
2021,12759,B25032_013,178
2012,12763,B25032_013,65
2013,12763,B25032_013,70
2014,12763,B25032_013,61
2015,12763,B25032_013,67
2016,12763,B25032_013,38
2017,12763,B25032_013,51
2018,12763,B25032_013,60
2019,12763,B25032_013,46
2020,12763,B25032_013,48
2021,12763,B25032_013,63
2012,12764,B25032_013,178
2013,12764,B25032_013,134
2014,12764,B25032_013,157
2015,12764,B25032_013,170
2016,12764,B25032_013,165
2017,12764,B25032_013,180
2018,12764,B25032_013,162
2019,12764,B25032_013,149
2020,12764,B25032_013,180
2021,12764,B25032_013,150
2012,12768,B25032_013,152
2013,12768,B25032_013,138
2014,12768,B25032_013,91
2015,12768,B25032_013,104
2016,12768,B25032_013,90
2017,12768,B25032_013,109
2018,12768,B25032_013,59
2019,12768,B25032_013,68
2020,12768,B25032_013,55
2021,12768,B25032_013,19
2012,12779,B25032_013,557
2013,12779,B25032_013,480
2014,12779,B25032_013,487
2015,12779,B25032_013,523
2016,12779,B25032_013,441
2017,12779,B25032_013,362
2018,12779,B25032_013,460
2019,12779,B25032_013,527
2020,12779,B25032_013,453
2021,12779,B25032_013,362
2012,12783,B25032_013,170
2013,12783,B25032_013,168
2014,12783,B25032_013,78
2015,12783,B25032_013,123
2016,12783,B25032_013,116
2017,12783,B25032_013,78
2018,12783,B25032_013,109
2019,12783,B25032_013,132
2020,12783,B25032_013,117
2021,12783,B25032_013,120
2012,12786,B25032_013,71
2013,12786,B25032_013,89
2014,12786,B25032_013,73
2015,12786,B25032_013,77
2016,12786,B25032_013,112
2017,12786,B25032_013,105
2018,12786,B25032_013,55
2019,12786,B25032_013,55
2020,12786,B25032_013,51
2021,12786,B25032_013,29
2012,12788,B25032_013,351
2013,12788,B25032_013,365
2014,12788,B25032_013,279
2015,12788,B25032_013,214
2016,12788,B25032_013,174
2017,12788,B25032_013,121
2018,12788,B25032_013,126
2019,12788,B25032_013,237
2020,12788,B25032_013,251
2021,12788,B25032_013,236
2012,12789,B25032_013,374
2013,12789,B25032_013,397
2014,12789,B25032_013,434
2015,12789,B25032_013,449
2016,12789,B25032_013,481
2017,12789,B25032_013,506
2018,12789,B25032_013,425
2019,12789,B25032_013,423
2020,12789,B25032_013,405
2021,12789,B25032_013,333
2012,13731,B25032_013,54
2013,13731,B25032_013,57
2014,13731,B25032_013,62
2015,13731,B25032_013,44
2016,13731,B25032_013,69
2017,13731,B25032_013,57
2018,13731,B25032_013,69
2019,13731,B25032_013,58
2020,13731,B25032_013,71
2021,13731,B25032_013,76
