TRACT,ZIP,RES_RATIO,IMPACTED
36005000200,10473,1,FALSE
36005000400,10473,1,FALSE
36005001600,10473,1,FALSE
36005001900,10454,1,FALSE
36005002000,10473,1,FALSE
36005002300,10454,1,FALSE
36005002500,10454,1,FALSE
36005002701,10454,1,FALSE
36005002702,10454,1,FALSE
36005002800,10473,1,FALSE
36005003100,10455,1,FALSE
36005003300,10454,1,FALSE
36005003500,10455,0.968658892128279,FALSE
36005003700,10455,1,FALSE
36005003800,10473,1,FALSE
36005003900,10454,1,FALSE
36005004001,10472,1,FALSE
36005004100,10454,1,FALSE
36005004200,10473,1,FALSE
36005004300,10455,0.719829424307036,FALSE
36005004400,10472,1,FALSE
36005004600,10473,1,FALSE
36005004800,10472,1,FALSE
36005005001,10472,1,FALSE
36005005002,10472,1,FALSE
36005005100,10451,0.999501743896362,FALSE
36005005200,10472,1,FALSE
36005005300,10453,1,FALSE
36005005400,10472,1,FALSE
36005005600,10472,1,FALSE
36005005902,10451,1,FALSE
36005006000,10460,1,FALSE
36005006100,10451,1,FALSE
36005006200,10472,1,FALSE
36005006300,10451,0.975630611372381,FALSE
36005006400,10472,1,FALSE
36005006500,10451,0.964230171073094,FALSE
36005006700,10455,0.513523956723338,FALSE
36005006800,10472,1,FALSE
36005006900,10451,0.859520123839009,FALSE
36005007000,10472,1,FALSE
36005007100,10455,0.757319819819819,FALSE
36005007200,10472,1,FALSE
36005007300,10455,1,FALSE
36005007400,10473,1,FALSE
36005007500,10455,0.583958909521928,FALSE
36005007600,10472,1,FALSE
36005007700,10456,0.78,FALSE
36005007800,10472,1,FALSE
36005007900,10455,1,FALSE
36005008300,10455,1,FALSE
36005008400,10473,1,FALSE
36005008500,10455,0.913793103448275,FALSE
36005008600,10473,1,FALSE
36005008700,10459,1,FALSE
36005008900,10459,1,FALSE
36005009000,10473,0.931423611111111,FALSE
36005009200,10462,1,FALSE
36005009300,10474,1,FALSE
36005009600,10462,0.753993610223642,TRUE
36005009800,10473,1,FALSE
36005011000,10465,1,FALSE
36005011502,10474,1,FALSE
36005011700,10474,1,FALSE
36005011800,10465,1,FALSE
36005011900,10459,1,FALSE
36005012101,10459,1,FALSE
36005012102,10459,1,FALSE
36005012300,10459,0.9449081803005,FALSE
36005012500,10459,1,FALSE
36005012701,10459,1,FALSE
36005012901,10459,1,FALSE
36005013000,10465,1,FALSE
36005013100,10459,0.959114139693356,FALSE
36005013200,10465,1,FALSE
36005013300,10456,0.844903339191564,FALSE
36005013500,10456,0.889180327868852,FALSE
36005013800,10465,1,FALSE
36005014100,10451,0.969662058371735,FALSE
36005014300,10456,0.835051546391752,FALSE
36005014400,10465,1,FALSE
36005014500,10456,1,FALSE
36005014701,10456,1,FALSE
36005014702,10456,0.946448087431693,TRUE
36005014900,10456,1,FALSE
36005015100,10456,0.556365675827257,FALSE
36005015200,10465,1,FALSE
36005015300,10459,0.646706586826347,FALSE
36005015500,10460,1,FALSE
36005015700,10460,1,FALSE
36005015800,10465,1,FALSE
36005015900,10459,1,FALSE
36005016000,10465,1,FALSE
36005016100,10460,1,FALSE
36005016200,10465,1,FALSE
36005016300,10457,0,FALSE
36005016400,10465,1,FALSE
36005016500,10457,1,FALSE
36005016600,10465,1,FALSE
36005016700,10457,1,FALSE
36005016900,10457,0.645528455284552,TRUE
36005017100,10457,1,FALSE
36005017300,10451,0.760642919200695,FALSE
36005017500,10456,1,FALSE
36005017701,10456,1,FALSE
36005017702,10456,1,FALSE
36005017901,10456,1,FALSE
36005017902,10456,1,FALSE
36005018101,10456,1,FALSE
36005018102,10456,1,FALSE
36005018301,10451,0.712225705329153,FALSE
36005018302,10456,0.79922480620155,FALSE
36005018400,10461,1,FALSE
36005018500,10456,1,FALSE
36005018900,10452,1,FALSE
36005019300,10452,1,FALSE
36005019400,10461,0.755267423014586,FALSE
36005019500,10452,1,FALSE
36005019700,10452,1,FALSE
36005019900,10452,1,FALSE
36005020000,10461,1,FALSE
36005020100,10452,1,FALSE
36005020200,10461,0.637268847795163,TRUE
36005020400,10461,0.739795918367346,TRUE
36005020501,10453,1,FALSE
36005020502,10453,1,FALSE
36005020601,10462,1,FALSE
36005020900,10452,1,FALSE
36005021001,10462,1,FALSE
36005021002,10462,1,FALSE
36005021100,10452,1,FALSE
36005021200,10462,1,FALSE
36005021301,10452,1,FALSE
36005021302,10452,1,FALSE
36005021501,10453,1,FALSE
36005021502,10453,0.914012738853503,FALSE
36005021601,10460,0.776710005652911,TRUE
36005021602,10462,1,TRUE
36005021700,10453,0.851075268817204,FALSE
36005021800,10460,1,FALSE
36005021900,10452,1,FALSE
36005022000,10460,0.665584415584415,TRUE
36005022101,10452,1,FALSE
36005022102,10452,1,FALSE
36005022200,10462,1,FALSE
36005022300,10452,1,FALSE
36005022401,10462,1,FALSE
36005022403,10462,1,FALSE
36005022404,10462,1,FALSE
36005022500,10457,0.751362683438155,TRUE
36005022701,10453,1,FALSE
36005022702,10452,1,FALSE
36005022703,10457,1,FALSE
36005022800,10462,1,FALSE
36005022901,10457,1,FALSE
36005022902,10457,1,FALSE
36005023000,10462,1,FALSE
36005023100,10457,1,FALSE
36005023200,10462,1,FALSE
36005023301,10453,1,FALSE
36005023302,10457,1,FALSE
36005023501,10453,1,FALSE
36005023502,10457,1,FALSE
36005023600,10462,0.806509945750452,TRUE
36005023702,10458,1,FALSE
36005023703,10468,0.999352331606217,TRUE
36005023704,10453,1,FALSE
36005023800,10462,1,FALSE
36005023900,10468,0.515828677839851,TRUE
36005024000,10460,0.966369930761622,TRUE
36005024100,10453,1,FALSE
36005024300,10453,1,FALSE
36005024400,10462,1,FALSE
36005024501,10453,1,FALSE
36005024502,10453,1,FALSE
36005024600,10462,1,FALSE
36005024700,10453,1,FALSE
36005024800,10461,0.680733944954128,TRUE
36005024900,10453,0,FALSE
36005025000,10461,0.772455089820359,TRUE
36005025100,10453,1,FALSE
36005025200,10462,0.853691275167785,TRUE
36005025300,10468,0.990445859872611,TRUE
36005025400,10461,1,FALSE
36005025500,10468,0.711880261927034,TRUE
36005025600,10461,0.992994746059544,TRUE
36005025700,10468,1,FALSE
36005026100,10468,1,FALSE
36005026300,10468,1,FALSE
36005026400,10461,1,FALSE
36005026500,10468,1,FALSE
36005026601,10461,1,FALSE
36005026602,10461,1,FALSE
36005026701,10468,1,FALSE
36005026702,10468,1,FALSE
36005026900,10463,0.694483734087694,TRUE
36005027300,10463,0.698588325066768,TRUE
36005027401,10465,1,FALSE
36005027402,10465,1,FALSE
36005027700,10463,1,FALSE
36005027900,10463,1,FALSE
36005028100,10463,1,FALSE
36005028300,10463,1,FALSE
36005028400,10461,1,FALSE
36005028500,10463,0.848974518334369,FALSE
36005028600,10461,1,FALSE
36005028700,10463,1,FALSE
36005028800,10461,1,FALSE
36005028900,10463,1,FALSE
36005029301,10463,1,FALSE
36005029302,10463,1,FALSE
36005029500,10463,1,FALSE
36005029600,10461,1,FALSE
36005029700,10463,1,FALSE
36005030000,10461,1,FALSE
36005030100,10463,1,FALSE
36005030200,10475,1,FALSE
36005030701,10471,0.576934568270092,FALSE
36005030900,10463,0.637672465506898,FALSE
36005031000,10469,1,FALSE
36005031200,10469,1,FALSE
36005031400,10469,1,FALSE
36005031600,10469,1,FALSE
36005031800,10469,1,FALSE
36005031900,10471,1,FALSE
36005032300,10471,1,FALSE
36005032400,10469,1,FALSE
36005032600,10469,1,FALSE
36005032800,10467,0.857523302263648,TRUE
36005033000,10467,1,FALSE
36005033201,10467,1,FALSE
36005033202,10467,1,FALSE
36005033400,10467,0.75,TRUE
36005033500,10463,0.685573366214549,FALSE
36005033600,10467,1,FALSE
36005033700,10471,1,FALSE
36005033800,10467,1,FALSE
36005034000,10467,0.948979591836734,TRUE
36005034200,10469,1,FALSE
36005034300,10471,1,FALSE
36005034400,10469,1,FALSE
36005034500,10471,1,FALSE
36005034800,10469,1,FALSE
36005035000,10469,1,FALSE
36005035100,10471,1,FALSE
36005035600,10469,1,FALSE
36005035800,10469,1,FALSE
36005035900,10460,1,FALSE
36005036000,10469,1,FALSE
36005036100,10460,1,FALSE
36005036300,10460,1,FALSE
36005036400,10469,1,FALSE
36005036501,10460,1,TRUE
36005036502,10460,0.917861799217731,TRUE
36005036700,10460,0.97391304347826,TRUE
36005036800,10469,1,FALSE
36005036901,10457,1,FALSE
36005036902,10457,1,FALSE
36005037000,10469,1,FALSE
36005037100,10457,0.912727272727272,TRUE
36005037200,10467,0.979367262723521,TRUE
36005037300,10457,1,FALSE
36005037400,10467,1,FALSE
36005037504,10457,1,FALSE
36005037600,10467,1,FALSE
36005037800,10467,1,FALSE
36005037900,10457,1,FALSE
36005038000,10467,0.958194598594154,TRUE
36005038100,10457,1,FALSE
36005038200,10469,1,FALSE
36005038301,10458,0.660936573799644,TRUE
36005038302,10458,0.717008099094807,TRUE
36005038500,10458,0.654266958424507,TRUE
36005038600,10469,0.828332700341815,FALSE
36005038700,10458,1,FALSE
36005038800,10469,1,FALSE
36005038900,10458,1,FALSE
36005039000,10467,0.950226244343891,TRUE
36005039100,10458,0.819801980198019,TRUE
36005039200,10467,1,FALSE
36005039300,10458,0.467834491090305,TRUE
36005039400,10466,0.57037037037037,TRUE
36005039500,10457,1,FALSE
36005039600,10467,0.66077441077441,TRUE
36005039700,10458,1,FALSE
36005039800,10469,0.640102827763496,FALSE
36005039901,10458,1,FALSE
36005039902,10458,1,FALSE
36005040100,10468,1,FALSE
36005040302,10458,1,FALSE
36005040303,10468,1,FALSE
36005040304,10468,1,FALSE
36005040400,10466,1,FALSE
36005040501,10458,1,FALSE
36005040502,10458,1,FALSE
36005040600,10466,1,FALSE
36005040701,10468,1,FALSE
36005040702,10458,1,FALSE
36005040800,10466,1,FALSE
36005040900,10468,0.862676056338028,TRUE
36005041100,10468,1,FALSE
36005041300,10458,1,FALSE
36005041400,10470,1,FALSE
36005041500,10458,1,FALSE
36005041800,10466,0.887915936952714,FALSE
36005041900,10467,1,FALSE
36005042000,10466,1,FALSE
36005042100,10467,1,FALSE
36005042200,10466,1,FALSE
36005042300,10467,1,FALSE
36005042400,10466,1,FALSE
36005042500,10467,0.92527386541471,TRUE
36005042600,10466,1,FALSE
36005042800,10466,1,FALSE
36005042901,10467,1,FALSE
36005042902,10467,1,FALSE
36005043000,10466,1,FALSE
36005043100,10467,1,FALSE
36005043400,10466,0.942497753818508,FALSE
36005043500,10705,0.53103448275862,TRUE
36005043600,10466,1,FALSE
36005044200,10470,0.713493530499075,FALSE
36005044400,10466,1,FALSE
36005044800,10466,1,FALSE
36005044901,10470,1,FALSE
36005044902,10470,1,FALSE
36005045101,10470,1,FALSE
36005045102,10470,1,FALSE
36005045600,10466,0.680196801968019,FALSE
36005045800,10466,1,FALSE
36005046000,10466,0.976485148514851,FALSE
36005046201,10475,1,FALSE
36005046202,10475,0.644751587598057,FALSE
36005048400,10466,1,FALSE
36005050400,10464,1,FALSE
36005051600,10464,1,FALSE
36047000100,11201,1,FALSE
36047000200,11220,0.574912891986062,FALSE
36047000301,11201,1,FALSE
36047000501,11201,1,FALSE
36047000502,11201,1,FALSE
36047000700,11201,1,FALSE
36047000900,11201,1,FALSE
36047001100,11201,1,FALSE
36047001300,11202,0.80392156862745,FALSE
36047001500,11201,1,FALSE
36047001800,11232,0.961805555555555,FALSE
36047002000,11220,0.957957957957957,FALSE
36047002100,11201,1,FALSE
36047002200,11220,1,FALSE
36047002300,11201,1,FALSE
36047002901,11205,1,FALSE
36047003000,11220,1,FALSE
36047003100,11201,0.901694915254237,FALSE
36047003300,11217,0.728776978417266,FALSE
36047003400,11209,0.631007751937984,FALSE
36047003500,11217,0.775212636695018,FALSE
36047003600,11209,0.984894259818731,FALSE
36047003700,11201,0.904150197628458,FALSE
36047003800,11209,1,FALSE
36047003900,11217,1,FALSE
36047004100,11217,0.873824451410658,FALSE
36047004300,11201,0.98170731707317,FALSE
36047004400,11209,1,FALSE
36047004500,11201,0.963314358001265,FALSE
36047004600,11209,1,FALSE
36047004700,11231,0.533265097236438,FALSE
36047004900,11201,0.600716204118173,FALSE
36047005000,11209,1,FALSE
36047005100,11231,1,FALSE
36047005201,11209,1,FALSE
36047005202,11209,1,FALSE
36047005300,11231,1,FALSE
36047005400,11209,1,FALSE
36047005601,11209,1,FALSE
36047005602,11209,1,FALSE
36047005800,11209,1,FALSE
36047005900,11231,1,FALSE
36047006000,11209,1,FALSE
36047006200,11209,1,FALSE
36047006300,11231,1,FALSE
36047006400,11209,1,FALSE
36047006500,11231,1,FALSE
36047006600,11209,1,FALSE
36047006700,11231,1,FALSE
36047006800,11209,0.600830367734282,FALSE
36047006900,11201,0.72429600523903,FALSE
36047007000,11220,1,FALSE
36047007100,11217,1,FALSE
36047007200,11220,1,FALSE
36047007400,11220,1,FALSE
36047007500,11231,0.890506697728596,FALSE
36047007600,11220,1,FALSE
36047007700,11231,1,FALSE
36047007800,11220,1,FALSE
36047008000,11220,1,FALSE
36047008200,11232,0.804251550044286,FALSE
36047008400,11232,1,FALSE
36047008500,11231,1,FALSE
36047008800,11232,1,FALSE
36047009000,11232,1,FALSE
36047009200,11232,0.880056777856635,FALSE
36047009400,11220,1,FALSE
36047009600,11220,1,FALSE
36047009800,11220,1,FALSE
36047010000,11220,1,FALSE
36047010100,11232,1,FALSE
36047010200,11220,1,FALSE
36047010400,11220,1,FALSE
36047010600,11220,1,FALSE
36047010800,11220,1,FALSE
36047011000,11219,0.925,FALSE
36047011200,11219,0.964444444444444,FALSE
36047011400,11219,0.978176149649259,FALSE
36047011600,11219,0.890855457227138,FALSE
36047011700,11215,1,FALSE
36047011800,11220,0.993103448275862,FALSE
36047011900,11215,0.919330289193302,FALSE
36047012000,11219,0.535564853556485,FALSE
36047012100,11215,1,FALSE
36047012200,11220,1,FALSE
36047012600,11220,1,FALSE
36047012700,11217,1,FALSE
36047012801,11220,0.976859504132231,FALSE
36047012901,11217,1,FALSE
36047012902,11217,1,FALSE
36047013000,11209,0.746012994683992,FALSE
36047013100,11217,0.853945818610129,FALSE
36047013200,11228,0.822429906542056,FALSE
36047013300,11215,1,FALSE
36047013400,11209,0.97875955819881,FALSE
36047013500,11215,1,FALSE
36047013600,11209,1,FALSE
36047013700,11215,1,FALSE
36047013800,11209,1,FALSE
36047013900,11215,1,FALSE
36047014000,11228,1,FALSE
36047014100,11215,1,FALSE
36047014200,11209,1,FALSE
36047014300,11215,0.766536964980544,FALSE
36047014500,11232,0.652281134401972,FALSE
36047014700,11215,1,FALSE
36047014800,11228,1,FALSE
36047014900,11215,1,FALSE
36047015000,11228,1,FALSE
36047015100,11215,1,FALSE
36047015200,11228,0.711267605633802,FALSE
36047015300,11215,1,FALSE
36047015400,11228,1,FALSE
36047015500,11215,1,FALSE
36047015700,11215,1,FALSE
36047015900,11217,0.707861060329067,FALSE
36047016000,11209,1,FALSE
36047016100,11217,0.937544867193108,FALSE
36047016200,11209,1,FALSE
36047016300,11238,1,FALSE
36047016400,11209,0.948170731707317,FALSE
36047016500,11215,1,FALSE
36047016600,11228,1,FALSE
36047016700,11215,1,FALSE
36047016800,11228,0.935599284436493,FALSE
36047016900,11215,1,FALSE
36047017000,11228,1,FALSE
36047017100,11218,0.562899786780383,FALSE
36047017200,11228,0.856972586412395,FALSE
36047017400,11214,1,FALSE
36047017500,11215,0.758620689655172,FALSE
36047017600,11214,1,FALSE
36047017700,11225,1,TRUE
36047017800,11214,1,FALSE
36047017900,11238,0.812704649639816,FALSE
36047018000,11214,1,FALSE
36047018100,11217,0.466081015129331,FALSE
36047018200,11214,1,FALSE
36047018300,11205,1,FALSE
36047018400,11228,0.963455149501661,FALSE
36047018501,11205,1,FALSE
36047018600,11228,0.879541108986615,FALSE
36047018700,11205,1,FALSE
36047018800,11228,0.903129657228017,FALSE
36047019000,11219,0.541694915254237,FALSE
36047019100,11205,1,FALSE
36047019200,11219,1,FALSE
36047019300,11205,0.853309481216457,FALSE
36047019400,11219,1,FALSE
36047019500,11205,1,FALSE
36047019600,11219,0.606923076923076,FALSE
36047019700,11238,0.594493116395494,FALSE
36047019800,11228,1,FALSE
36047019900,11238,1,FALSE
36047020000,11228,1,FALSE
36047020100,11238,1,FALSE
36047020200,11228,1,FALSE
36047020300,11238,1,FALSE
36047020400,11228,1,FALSE
36047020500,11238,1,FALSE
36047020600,11228,1,FALSE
36047020700,11238,1,FALSE
36047020800,11228,0.891891891891891,FALSE
36047021000,11219,1,FALSE
36047021100,11205,1,FALSE
36047021200,11219,1,FALSE
36047021300,11225,1,FALSE
36047021400,11219,1,FALSE
36047021500,11238,1,FALSE
36047021600,11219,1,FALSE
36047021700,11238,1,FALSE
36047021800,11219,1,FALSE
36047021900,11216,0.919011667810569,TRUE
36047022000,11219,1,FALSE
36047022100,11216,0.890835579514824,TRUE
36047022200,11219,1,FALSE
36047022400,11219,0.692942942942942,FALSE
36047022600,11218,1,FALSE
36047022700,11238,0.695402298850574,TRUE
36047022800,11218,1,FALSE
36047022900,11238,0.606589147286821,TRUE
36047023000,11218,0.655080213903743,FALSE
36047023100,11238,1,FALSE
36047023200,11219,0.934725848563968,FALSE
36047023300,11238,0.494547178757705,TRUE
36047023400,11219,0.997492163009404,FALSE
36047023500,11205,1,FALSE
36047023600,11219,0.998153846153846,FALSE
36047023800,11219,0.979970326409495,FALSE
36047024000,11219,0.993980436418359,FALSE
36047024100,11205,1,FALSE
36047024200,11219,0.650067294751009,FALSE
36047024300,11216,0.906474820143884,TRUE
36047024400,11204,1,FALSE
36047024500,11216,1,FALSE
36047024600,11204,1,FALSE
36047024700,11247,0.693992490613266,TRUE
36047024800,11204,1,FALSE
36047024900,11216,1,FALSE
36047025000,11219,0.899159663865546,FALSE
36047025100,11216,1,FALSE
36047025200,11204,1,FALSE
36047025300,11206,0.93103448275862,TRUE
36047025400,11204,1,FALSE
36047025500,11206,1,FALSE
36047025600,11204,1,FALSE
36047025700,11206,1,FALSE
36047025800,11204,1,FALSE
36047025901,11206,1,FALSE
36047025902,11206,1,FALSE
36047026000,11204,1,FALSE
36047026100,11206,0.568030973451327,TRUE
36047026200,11204,0.664670658682634,FALSE
36047026300,11216,0.559440559440559,FALSE
36047026400,11204,0.640689655172413,FALSE
36047026500,11221,0.54572055596196,FALSE
36047026600,11204,1,FALSE
36047026700,11216,0.659603554340396,FALSE
36047026800,11204,0.845070422535211,FALSE
36047026900,11216,1,FALSE
36047027000,11214,1,FALSE
36047027100,11213,0.823293172690763,TRUE
36047027200,11214,1,FALSE
36047027300,11213,0.392405063291139,TRUE
36047027400,11214,0.83893395133256,FALSE
36047027500,11221,0.416666666666666,TRUE
36047027600,11214,1,FALSE
36047027700,11221,1,FALSE
36047027800,11214,1,FALSE
36047027900,11221,1,FALSE
36047028000,11214,1,FALSE
36047028100,11221,0.66891064871481,TRUE
36047028200,11214,1,FALSE
36047028300,11206,1,FALSE
36047028400,11214,1,FALSE
36047028501,11206,1,FALSE
36047028502,11206,1,FALSE
36047028600,11214,1,FALSE
36047028700,11206,0.599240265906932,TRUE
36047028800,11214,1,FALSE
36047028900,11221,0.870503597122302,TRUE
36047029000,11214,1,FALSE
36047029100,11221,1,FALSE
36047029200,11214,1,FALSE
36047029300,11221,1,FALSE
36047029400,11214,1,FALSE
36047029500,11233,0.615853658536585,TRUE
36047029600,11214,1,FALSE
36047029700,11233,1,FALSE
36047029800,11214,0.983700081499592,FALSE
36047029900,11233,1,FALSE
36047030000,11214,0.997800586510263,FALSE
36047030100,11233,1,FALSE
36047030200,11214,1,FALSE
36047030300,11233,1,FALSE
36047030400,11214,1,FALSE
36047030500,11238,1,FALSE
36047030600,11214,0.985049833887043,FALSE
36047030700,11233,0.928126497364638,FALSE
36047030800,11214,0.904953145917001,FALSE
36047030900,11213,1,FALSE
36047031100,11213,1,FALSE
36047031300,11216,0.570649479424888,TRUE
36047031400,11214,1,FALSE
36047031500,11216,1,FALSE
36047031701,11216,1,FALSE
36047031702,11216,0.993487698986975,TRUE
36047031900,11225,0.929140127388535,TRUE
36047032100,11225,1,FALSE
36047032300,11225,1,FALSE
36047032500,11225,1,FALSE
36047032600,11224,1,FALSE
36047032700,11225,1,FALSE
36047032800,11224,1,FALSE
36047032900,11225,1,FALSE
36047033000,11224,1,FALSE
36047033100,11213,0.573632538569424,TRUE
36047033300,11213,0.801067073170731,TRUE
36047033500,11213,1,FALSE
36047033600,11224,1,FALSE
36047033700,11213,0.986728599867285,TRUE
36047033900,11213,0.977664029781293,TRUE
36047034000,11224,1,FALSE
36047034100,11213,0.963809523809523,TRUE
36047034200,11224,1,FALSE
36047034300,11213,1,FALSE
36047034500,11213,1,FALSE
36047034700,11213,1,FALSE
36047034800,11224,0.952453987730061,FALSE
36047034900,11213,1,FALSE
36047035000,11224,1,FALSE
36047035100,11213,1,FALSE
36047035200,11224,1,FALSE
36047035300,11213,1,FALSE
36047035400,11224,1,FALSE
36047035500,11213,0.999055712936732,FALSE
36047035601,11224,0.666237113402061,FALSE
36047035602,11224,0.684799032940465,FALSE
36047035700,11213,1,FALSE
36047035900,11233,0.91180176396472,FALSE
36047036001,11235,1,FALSE
36047036002,11235,1,FALSE
36047036100,11233,0.870762711864406,FALSE
36047036200,11235,1,FALSE
36047036300,11233,0.974729241877256,FALSE
36047036400,11235,1,FALSE
36047036501,11233,1,FALSE
36047036502,11233,0.944844124700239,FALSE
36047036600,11235,1,FALSE
36047036700,11233,0.979274611398963,FALSE
36047036900,11233,0.984919396775871,FALSE
36047037000,11235,1,FALSE
36047037100,11233,1,FALSE
36047037300,11233,0.991379310344827,TRUE
36047037401,11223,0.709641873278236,FALSE
36047037402,11223,1,FALSE
36047037500,11221,0.888157894736842,TRUE
36047037700,11233,1,FALSE
36047037900,11233,1,FALSE
36047038100,11233,1,FALSE
36047038200,11223,1,FALSE
36047038300,11233,0.827799227799227,TRUE
36047038500,11221,1,FALSE
36047038600,11223,1,FALSE
36047038700,11221,1,FALSE
36047038800,11223,1,FALSE
36047038900,11206,0.998930481283422,TRUE
36047039000,11223,0.891369047619047,FALSE
36047039100,11206,0.828598484848484,TRUE
36047039200,11223,1,FALSE
36047039300,11221,1,FALSE
36047039400,11223,1,FALSE
36047039500,11221,1,FALSE
36047039600,11223,1,FALSE
36047039700,11221,1,FALSE
36047039800,11223,1,FALSE
36047039900,11221,1,FALSE
36047040000,11223,1,FALSE
36047040100,11207,0.923001949317738,TRUE
36047040200,11223,1,FALSE
36047040300,11207,1,FALSE
36047040400,11223,0.96602658788774,FALSE
36047040500,11207,1,FALSE
36047040600,11223,1,FALSE
36047040700,11207,0,FALSE
36047040800,11223,1,FALSE
36047040900,11237,0.508520179372197,FALSE
36047041000,11223,1,FALSE
36047041100,11207,1,FALSE
36047041200,11223,1,FALSE
36047041300,11207,0.704934541792547,TRUE
36047041401,11223,1,FALSE
36047041402,11223,1,FALSE
36047041500,11221,1,FALSE
36047041600,11223,1,FALSE
36047041700,11221,1,FALSE
36047041800,11223,1,FALSE
36047041900,11221,0.967798085291557,TRUE
36047042000,11223,0.694690265486725,FALSE
36047042100,11221,0.927332782824112,TRUE
36047042200,11223,1,FALSE
36047042300,11221,0.78088578088578,TRUE
36047042400,11223,0.938775510204081,FALSE
36047042500,11206,0.829150579150579,FALSE
36047042600,11223,0.945905334335086,FALSE
36047042700,11237,1,FALSE
36047042800,11223,0.615751789976133,FALSE
36047042900,11237,1,FALSE
36047043000,11204,1,FALSE
36047043100,11237,1,FALSE
36047043200,11204,1,FALSE
36047043300,11237,0.75343573160873,TRUE
36047043400,11204,1,FALSE
36047043500,11221,0.703306523681858,TRUE
36047043600,11204,1,FALSE
36047043700,11237,0.593461265103056,TRUE
36047043800,11230,0.835198372329603,FALSE
36047043900,11237,1,FALSE
36047044000,11230,0.887470997679814,FALSE
36047044100,11237,1,FALSE
36047044200,11230,0.979772439949431,FALSE
36047044300,11237,1,FALSE
36047044400,11230,1,FALSE
36047044500,11237,1,FALSE
36047044600,11204,0.762589928057553,FALSE
36047044700,11237,1,FALSE
36047044800,11230,0.995145631067961,FALSE
36047044900,11211,0.532786885245901,FALSE
36047045000,11230,1,FALSE
36047045200,11230,1,FALSE
36047045300,11237,0.920253164556962,FALSE
36047045400,11230,1,FALSE
36047045600,11230,1,FALSE
36047045800,11230,1,FALSE
36047046000,11230,1,FALSE
36047046201,11230,1,FALSE
36047046202,11230,0.929752066115702,FALSE
36047046400,11204,1,FALSE
36047046800,11204,1,FALSE
36047047000,11204,1,FALSE
36047047200,11204,1,FALSE
36047047400,11204,1,FALSE
36047047600,11204,0.819314641744548,FALSE
36047047700,11211,0.653416149068322,FALSE
36047047800,11218,0.599320882852292,FALSE
36047048000,11230,0.913761467889908,FALSE
36047048100,11211,1,FALSE
36047048200,11230,0.757237176231589,FALSE
36047048400,11218,1,FALSE
36047048500,11206,1,FALSE
36047048600,11218,1,FALSE
36047048800,11218,1,FALSE
36047048900,11206,1,FALSE
36047049000,11218,1,FALSE
36047049100,11206,1,FALSE
36047049200,11218,1,FALSE
36047049300,11206,1,FALSE
36047049400,11218,1,FALSE
36047049500,11211,0.771019677996422,FALSE
36047049600,11218,1,FALSE
36047049700,11211,0.985250737463126,FALSE
36047049800,11218,1,FALSE
36047049900,11222,0.998853211009174,FALSE
36047050000,11218,1,FALSE
36047050100,11211,1,FALSE
36047050202,11218,1,FALSE
36047050300,11211,0.787003610108303,FALSE
36047050400,11218,1,FALSE
36047050500,11206,1,FALSE
36047050600,11218,0.5693359375,TRUE
36047050700,11206,1,FALSE
36047050801,11226,1,FALSE
36047050803,11226,0.713037634408602,FALSE
36047050804,11226,1,FALSE
36047050900,11206,1,FALSE
36047051001,11226,1,FALSE
36047051002,11226,1,FALSE
36047051100,11206,0.933731667571971,FALSE
36047051200,11226,1,FALSE
36047051300,11211,0.760987861029719,FALSE
36047051400,11226,1,FALSE
36047051500,11211,0.878555798687089,FALSE
36047051601,11226,0.870935467733866,TRUE
36047051602,11226,1,FALSE
36047051700,11249,0.664410058027079,FALSE
36047051800,11226,0.953040337146297,TRUE
36047051900,11211,1,FALSE
36047052000,11226,0.491982507288629,TRUE
36047052300,11211,1,FALSE
36047052500,11211,1,FALSE
36047052600,11218,0.58126582278481,FALSE
36047052700,11211,1,FALSE
36047052800,11230,1,FALSE
36047052900,11211,0.991501416430594,FALSE
36047053000,11230,1,FALSE
36047053100,11206,0.969613259668508,FALSE
36047053200,11230,1,FALSE
36047053300,11211,0.951560818083961,FALSE
36047053400,11230,1,FALSE
36047053500,11211,1,FALSE
36047053700,11249,0.905405405405405,FALSE
36047053800,11230,1,FALSE
36047053900,11249,1,FALSE
36047054200,11230,0.98196625945317,FALSE
36047054300,11205,0.997191011235955,FALSE
36047054400,11230,0.9748322147651,FALSE
36047054500,11249,1,FALSE
36047054600,11230,0.566600397614314,FALSE
36047054700,11249,0.792964244521337,FALSE
36047054800,11229,0.921228304405874,FALSE
36047054900,11249,0.80484693877551,FALSE
36047055000,11229,1,FALSE
36047055100,11249,0.564162389174055,FALSE
36047055200,11229,1,FALSE
36047055300,11249,0.534633490248823,FALSE
36047055400,11229,0.977501480165778,FALSE
36047055500,11249,1,FALSE
36047055600,11229,0.857582755966127,FALSE
36047055700,11249,1,FALSE
36047055800,11229,1,FALSE
36047056000,11229,1,FALSE
36047056100,11222,1,FALSE
36047056200,11229,1,FALSE
36047056300,11222,1,FALSE
36047056400,11229,1,FALSE
36047056500,11222,1,FALSE
36047056600,11229,1,FALSE
36047056800,11229,1,FALSE
36047056900,11222,1,FALSE
36047057000,11229,1,FALSE
36047057100,11222,1,FALSE
36047057200,11229,0.847480708125283,FALSE
36047057300,11222,1,FALSE
36047057400,11229,1,FALSE
36047057500,11222,1,FALSE
36047057600,11229,1,FALSE
36047057800,11229,1,FALSE
36047057900,11222,1,FALSE
36047058000,11229,1,FALSE
36047058200,11229,0.822419533851276,FALSE
36047058400,11229,0.816165951359084,FALSE
36047058600,11229,0.966514459665144,FALSE
36047058800,11235,1,FALSE
36047058900,11222,1,FALSE
36047059000,11235,1,FALSE
36047059100,11222,1,FALSE
36047059200,11229,0.512437810945273,FALSE
36047059300,11222,1,FALSE
36047059401,11235,0.544550517104216,FALSE
36047059402,11235,0.525309336332958,FALSE
36047059600,11235,1,FALSE
36047059800,11235,1,FALSE
36047060000,11235,1,FALSE
36047060600,11235,1,FALSE
36047060800,11235,1,FALSE
36047061002,11235,1,FALSE
36047061003,11235,1,FALSE
36047061004,11235,1,FALSE
36047061200,11235,1,FALSE
36047061600,11235,1,FALSE
36047062000,11235,1,FALSE
36047062200,11235,1,FALSE
36047062600,11235,0.763772175536881,FALSE
36047062800,11229,0.981666666666666,FALSE
36047063200,11229,1,FALSE
36047063600,11234,1,FALSE
36047063800,11229,0.971119133574007,FALSE
36047064000,11234,0.594420600858369,FALSE
36047064200,11229,0.935222672064777,FALSE
36047064400,11234,0.81135225375626,FALSE
36047064600,11234,1,FALSE
36047064800,11234,1,FALSE
36047065000,11234,1,FALSE
36047065200,11234,1,FALSE
36047065400,11234,1,FALSE
36047065600,11234,1,FALSE
36047065800,11234,1,FALSE
36047066000,11234,1,FALSE
36047066200,11234,1,FALSE
36047066600,11235,1,FALSE
36047067000,11234,1,FALSE
36047067200,11234,1,FALSE
36047067400,11234,1,FALSE
36047067600,11234,1,FALSE
36047067800,11234,1,FALSE
36047068000,11234,1,FALSE
36047068200,11234,1,FALSE
36047068600,11234,1,FALSE
36047068800,11234,1,FALSE
36047069000,11234,1,FALSE
36047069200,11234,1,FALSE
36047069601,11234,1,FALSE
36047069602,11234,1,FALSE
36047069800,11234,1,FALSE
36047070000,11234,1,FALSE
36047070201,11234,1,FALSE
36047070202,11234,1,FALSE
36047070600,11234,1,FALSE
36047072000,11234,1,FALSE
36047072200,11234,1,FALSE
36047072400,11234,1,FALSE
36047072600,11234,0.691202872531418,FALSE
36047072800,11234,1,FALSE
36047073000,11234,1,FALSE
36047073200,11234,0.50563909774436,FALSE
36047073400,11210,1,FALSE
36047073600,11234,0.652631578947368,FALSE
36047073800,11210,0.528835690968443,FALSE
36047074000,11210,1,FALSE
36047074200,11210,1,FALSE
36047074400,11210,0.913274336283185,FALSE
36047074600,11234,0.685053380782918,FALSE
36047074800,11210,1,FALSE
36047075000,11210,1,FALSE
36047075200,11210,1,FALSE
36047075400,11210,1,FALSE
36047075600,11210,0.75353218210361,FALSE
36047075800,11210,0.59577677224736,FALSE
36047076000,11230,0.762773722627737,FALSE
36047076200,11230,0.903690888119953,FALSE
36047076400,11230,1,FALSE
36047076600,11230,0.814504881450488,FALSE
36047076800,11230,1,FALSE
36047077000,11210,1,FALSE
36047077200,11210,0.865454545454545,FALSE
36047077400,11210,1,FALSE
36047077600,11210,1,FALSE
36047078000,11210,1,FALSE
36047078200,11210,1,FALSE
36047078400,11210,1,FALSE
36047078600,11210,1,FALSE
36047078800,11210,1,FALSE
36047079000,11226,0.988436123348017,TRUE
36047079200,11226,1,FALSE
36047079400,11226,1,FALSE
36047079601,11225,0.681715575620767,FALSE
36047079602,11226,1,FALSE
36047079801,11225,1,FALSE
36047079802,11225,0.921383647798742,FALSE
36047080000,11225,1,FALSE
36047080200,11225,0.940024479804161,FALSE
36047080400,11225,0.940520446096654,TRUE
36047080600,11225,0.594381035996488,TRUE
36047080800,11203,1,FALSE
36047081000,11203,0.902522935779816,TRUE
36047081400,11203,1,FALSE
36047081600,11203,1,FALSE
36047081800,11226,0.848501978518937,TRUE
36047082000,11226,1,FALSE
36047082200,11226,1,FALSE
36047082400,11226,0.897435897435897,TRUE
36047082600,11226,0.878805970149253,TRUE
36047082800,11226,0.935456831517183,TRUE
36047083000,11210,0.582466567607726,TRUE
36047083200,11203,1,FALSE
36047083400,11203,1,FALSE
36047083600,11203,0.995464852607709,FALSE
36047083800,11203,1,FALSE
36047084000,11203,1,FALSE
36047084600,11203,1,FALSE
36047084800,11203,1,FALSE
36047085000,11203,1,FALSE
36047085200,11203,1,FALSE
36047085400,11203,1,FALSE
36047085600,11203,1,FALSE
36047085800,11203,1,FALSE
36047086000,11203,1,FALSE
36047086200,11203,1,FALSE
36047086400,11203,0.985480943738656,FALSE
36047086600,11203,0.828485456369107,FALSE
36047086800,11203,1,FALSE
36047087000,11203,1,FALSE
36047087200,11203,1,FALSE
36047087401,11203,1,FALSE
36047087600,11203,1,FALSE
36047087800,11203,1,FALSE
36047088000,11203,0.773645058448459,FALSE
36047088200,11212,1,FALSE
36047088400,11212,1,FALSE
36047088600,11212,1,FALSE
36047088800,11212,0.68312757201646,FALSE
36047089000,11212,1,FALSE
36047089200,11212,1,FALSE
36047089400,11212,1,FALSE
36047089600,11212,1,FALSE
36047089800,11212,1,FALSE
36047090000,11212,0.991280403854979,FALSE
36047090200,11212,0.989648033126293,FALSE
36047090600,11212,1,FALSE
36047090800,11212,1,FALSE
36047091000,11212,1,FALSE
36047091200,11212,1,FALSE
36047091600,11212,1,FALSE
36047091800,11212,1,FALSE
36047092000,11212,1,FALSE
36047092200,11212,0.917001338688085,FALSE
36047092400,11212,1,FALSE
36047092800,11236,0.993370165745856,FALSE
36047093000,11236,1,FALSE
36047093200,11203,1,FALSE
36047093400,11236,1,FALSE
36047093600,11203,0.791578947368421,FALSE
36047093800,11203,1,FALSE
36047094401,11234,0.704474505723204,FALSE
36047094402,11234,0.851882845188284,FALSE
36047094600,11203,1,FALSE
36047095000,11236,1,FALSE
36047095400,11236,1,FALSE
36047095600,11236,1,FALSE
36047095800,11236,1,FALSE
36047096000,11236,0,FALSE
36047096200,11236,1,FALSE
36047096400,11236,1,FALSE
36047096600,11236,1,FALSE
36047096800,11236,1,FALSE
36047097000,11236,1,FALSE
36047097400,11236,1,FALSE
36047098200,11236,0.8225,FALSE
36047098400,11236,1,FALSE
36047098600,11236,1,FALSE
36047098800,11236,1,FALSE
36047099000,11236,1,FALSE
36047099200,11236,1,FALSE
36047099400,11236,1,FALSE
36047099600,11236,1,FALSE
36047099800,11236,1,FALSE
36047100400,11236,1,FALSE
36047100600,11236,1,FALSE
36047100800,11236,1,FALSE
36047101000,11236,1,FALSE
36047101200,11236,1,FALSE
36047101400,11236,1,FALSE
36047101600,11236,1,FALSE
36047101800,11236,1,FALSE
36047102000,11236,1,FALSE
36047102200,11236,1,FALSE
36047102400,11236,1,FALSE
36047102600,11236,1,FALSE
36047102800,11236,1,FALSE
36047103400,11236,1,FALSE
36047105801,11239,1,FALSE
36047105804,11239,1,FALSE
36047107000,11239,1,FALSE
36047107800,11207,0.894900497512437,FALSE
36047109800,11207,0.743083003952569,FALSE
36047110400,11207,1,FALSE
36047110600,11207,1,FALSE
36047111000,11207,1,FALSE
36047111600,11208,0.903761061946902,FALSE
36047111800,11208,1,FALSE
36047112000,11208,0.857627118644067,FALSE
36047112200,11207,1,FALSE
36047112400,11207,1,FALSE
36047112600,11207,1,FALSE
36047112800,11207,1,FALSE
36047113000,11207,1,FALSE
36047113200,11207,1,FALSE
36047113400,11207,1,FALSE
36047114201,11207,1,FALSE
36047114202,11207,1,FALSE
36047114400,11207,1,FALSE
36047114600,11207,1,FALSE
36047115000,11207,0.942701227830832,FALSE
36047115200,11207,1,FALSE
36047115600,11207,1,FALSE
36047115800,11207,1,FALSE
36047116000,11207,1,FALSE
36047116200,11207,0.905537459283387,FALSE
36047116400,11208,1,FALSE
36047116600,11208,1,FALSE
36047116800,11208,1,FALSE
36047117000,11207,0.762886597938144,FALSE
36047117201,11207,0.819634703196347,FALSE
36047117202,11208,1,FALSE
36047117400,11208,1,FALSE
36047117601,11208,1,FALSE
36047117602,11208,1,FALSE
36047117800,11208,1,FALSE
36047118000,11207,1,FALSE
36047118201,11208,1,FALSE
36047118202,11208,1,FALSE
36047118400,11208,0.979301423027166,FALSE
36047118600,11208,0.989429175475687,FALSE
36047118800,11208,0.987485779294653,FALSE
36047119000,11208,1,FALSE
36047119200,11208,1,FALSE
36047119400,11208,1,FALSE
36047119600,11208,1,FALSE
36047119800,11207,1,FALSE
36047120000,11208,1,FALSE
36047120200,11208,0.936746987951807,FALSE
36047120800,11208,0.999305314345258,FALSE
36047121000,11208,1,FALSE
36047121400,11208,1,FALSE
36047122000,11208,1,FALSE
36047123700,11205,1,FALSE
36047150200,11218,0.87122969837587,FALSE
36047152200,11218,0.774070543374642,TRUE
36061000201,10002,1,FALSE
36061000202,10002,1,FALSE
36061000600,10002,1,FALSE
36061000700,10005,0.767025611175785,FALSE
36061000800,10002,0.960678877499579,FALSE
36061000900,10274,0.491935483870967,FALSE
36061001001,10002,1,FALSE
36061001002,10002,1,FALSE
36061001200,10002,1,FALSE
36061001300,10006,0.86242852337706,FALSE
36061001401,10002,1,FALSE
36061001402,10002,1,FALSE
36061001501,10038,0.843325484513675,FALSE
36061001502,10038,0.977923338185346,FALSE
36061001600,10002,1,FALSE
36061001800,10002,1,FALSE
36061002000,10009,0.8796992481203,FALSE
36061002100,10007,0.503387180823345,FALSE
36061002201,10002,1,FALSE
36061002202,10009,0.987397260273972,FALSE
36061002400,10009,1,FALSE
36061002500,10038,1,FALSE
36061002601,10009,1,FALSE
36061002602,10009,1,FALSE
36061002700,10038,1,FALSE
36061002800,10009,1,FALSE
36061002900,10013,0.826872536136662,FALSE
36061003001,10002,1,FALSE
36061003002,10009,0.912820512820512,FALSE
36061003100,10013,0.97463768115942,FALSE
36061003200,10009,1,FALSE
36061003300,10013,0.862274024738344,FALSE
36061003400,10009,1,FALSE
36061003601,10002,0.996936274509803,FALSE
36061003602,10003,1,FALSE
36061003700,10014,0.508006626173384,FALSE
36061003800,10003,1,FALSE
36061003900,10013,1,FALSE
36061004000,10003,1,FALSE
36061004100,10013,0.778569837380262,FALSE
36061004200,10003,0.694546671127467,FALSE
36061004300,10012,1,FALSE
36061004400,10009,1,FALSE
36061004500,10013,0.594351732991014,FALSE
36061004700,10013,0.623134328358208,FALSE
36061004800,10003,1,FALSE
36061004900,10012,0.983863080684596,FALSE
36061005000,10003,0.925943736475114,FALSE
36061005200,10003,0.792377131394182,FALSE
36061005400,10011,0.978211658177702,FALSE
36061005501,10012,1,FALSE
36061005502,10012,0.921807747489239,FALSE
36061005600,10010,0.770344287949921,FALSE
36061005700,10003,1,FALSE
36061005800,10010,0.850274145929987,FALSE
36061005900,10003,1,FALSE
36061006000,10010,1,FALSE
36061006100,10003,1,FALSE
36061006200,10010,0.635030198446937,FALSE
36061006300,10011,1,FALSE
36061006400,10010,0.863150867823765,FALSE
36061006500,10012,0.859858026104877,FALSE
36061006600,10010,0.506248264371008,FALSE
36061006700,10014,1,FALSE
36061006800,10010,0.612726194007712,FALSE
36061006900,10014,1,FALSE
36061007000,10016,1,FALSE
36061007100,10011,0.519519519519519,FALSE
36061007200,10016,1,FALSE
36061007300,10014,1,FALSE
36061007400,10016,1,FALSE
36061007500,10014,1,FALSE
36061007600,10001,1,FALSE
36061007700,10014,0.787722059815606,FALSE
36061007800,10016,0.784574111334674,FALSE
36061007900,10014,1,FALSE
36061008000,10016,1,FALSE
36061008100,10011,0.825228625344752,FALSE
36061008200,10016,0.995149555375909,FALSE
36061008300,10011,0.914565826330532,FALSE
36061008400,10018,0.968266253869969,FALSE
36061008601,10016,1,FALSE
36061008602,10017,1,FALSE
36061008603,10022,0.909713168187744,FALSE
36061008700,10011,0.989399293286219,FALSE
36061008800,10017,0.676596445029624,FALSE
36061008900,10011,1,FALSE
36061009000,10017,1,FALSE
36061009100,10011,0.662210906004667,FALSE
36061009200,10163,0.708008787697223,FALSE
36061009300,10011,0.775326139474955,FALSE
36061009400,10017,1,FALSE
36061009500,10001,1,FALSE
36061009600,10036,1,FALSE
36061009700,10001,1,FALSE
36061009800,10022,0.869141609272635,FALSE
36061009900,10011,0.486411536328341,FALSE
36061010000,10022,0.995263870094722,FALSE
36061010100,10001,1,FALSE
36061010200,10022,1,FALSE
36061010300,10001,1,FALSE
36061010400,10019,1,FALSE
36061010601,10022,1,FALSE
36061010602,10065,0.916581196581196,FALSE
36061010800,10022,0.688685208596713,FALSE
36061010900,10129,0.868257261410788,FALSE
36061011000,10065,0.842601787487586,FALSE
36061011100,10018,0.776345472123751,FALSE
36061011201,10019,1,FALSE
36061011202,10022,1,FALSE
36061011203,10022,1,FALSE
36061011300,10018,0.998037291462217,FALSE
36061011401,10065,0.779732582688247,FALSE
36061011402,10065,0.790005047955577,FALSE
36061011500,10185,0.507120915945266,FALSE
36061011600,10065,0.95233615553465,FALSE
36061011700,10036,0.999759152215799,FALSE
36061011800,10065,0.948539638386648,FALSE
36061011900,10036,1,FALSE
36061012000,10065,0.783481281358548,FALSE
36061012100,10036,1,FALSE
36061012200,10065,0.792349726775956,FALSE
36061012400,10021,1,FALSE
36061012500,10036,0.610828320222119,FALSE
36061012600,10021,1,FALSE
36061012700,10036,0.562459546925566,FALSE
36061012800,10021,0.872606382978723,FALSE
36061012900,10036,0.881883479648842,FALSE
36061013000,10021,0.904829545454545,FALSE
36061013100,10019,1,FALSE
36061013200,10075,0.467618002195389,FALSE
36061013300,10019,0.812970788168289,FALSE
36061013400,10021,0.505158483530142,FALSE
36061013500,10019,1,FALSE
36061013600,10028,0.733822091886608,FALSE
36061013700,10019,1,FALSE
36061013800,10028,0.629574223245109,FALSE
36061013900,10019,1,FALSE
36061014000,10028,0.570588235294117,FALSE
36061014200,10075,0.652494577006507,FALSE
36061014300,10023,0.5,TRUE
36061014300,10019,0.5,TRUE
36061014401,10028,1,FALSE
36061014402,10128,0.774462179042331,FALSE
36061014500,10023,0.918210316329438,FALSE
36061014601,10028,1,FALSE
36061014602,10128,0.727914007389989,FALSE
36061014700,10023,0.60759493670886,FALSE
36061014801,10028,1,FALSE
36061014802,10128,0.997738125157074,FALSE
36061014900,10023,1,FALSE
36061015001,10028,1,FALSE
36061015002,10128,0.852707581227436,FALSE
36061015100,10023,0.663897542402215,FALSE
36061015200,10128,1,FALSE
36061015300,10023,1,FALSE
36061015400,10128,1,FALSE
36061015500,10023,0.730763227719681,FALSE
36061015601,10128,1,FALSE
36061015602,10128,0.617021276595744,FALSE
36061015700,10023,1,FALSE
36061015801,10128,1,FALSE
36061015802,10029,0.662802419354838,FALSE
36061015900,10023,1,FALSE
36061016001,10128,1,FALSE
36061016002,10029,0.82897384305835,FALSE
36061016100,10023,0.789651022864019,FALSE
36061016200,10029,1,FALSE
36061016300,10023,0.648009367681498,FALSE
36061016400,10029,1,FALSE
36061016500,10024,1,FALSE
36061016600,10029,1,FALSE
36061016700,10024,1,FALSE
36061016800,10029,1,FALSE
36061016900,10024,1,FALSE
36061017000,10029,1,FALSE
36061017100,10024,1,FALSE
36061017200,10029,1,FALSE
36061017300,10024,1,FALSE
36061017401,10029,1,FALSE
36061017402,10029,1,FALSE
36061017500,10024,1,FALSE
36061017700,10025,0.689511176615082,TRUE
36061017800,10029,0.525995575221238,FALSE
36061017900,10025,0.622676928853012,TRUE
36061018000,10029,1,FALSE
36061018100,10025,1,FALSE
36061018200,10029,0.599382477807796,FALSE
36061018300,10025,1,FALSE
36061018400,10029,0.610013623978201,FALSE
36061018500,10025,1,FALSE
36061018600,10026,1,FALSE
36061018700,10025,1,FALSE
36061018800,10035,0.72329180822952,FALSE
36061018900,10025,1,FALSE
36061019000,10026,0.793875147232037,TRUE
36061019100,10025,1,FALSE
36061019200,10035,1,FALSE
36061019300,10025,0.958505322615685,FALSE
36061019400,10035,1,FALSE
36061019500,10025,1,FALSE
36061019600,10035,1,FALSE
36061019701,10025,1,FALSE
36061019702,10026,1,FALSE
36061019800,10035,1,FALSE
36061019900,10025,1,FALSE
36061020000,10027,0.810760667903525,TRUE
36061020101,10025,0.518518518518518,FALSE
36061020102,10026,1,FALSE
36061020300,10027,1,FALSE
36061020500,10025,0.615069615069615,TRUE
36061020600,10035,0.531772575250836,FALSE
36061020701,10027,1,FALSE
36061020800,10027,0.609510086455331,TRUE
36061020901,10027,0.678217821782178,TRUE
36061021000,10037,1,FALSE
36061021100,10027,1,FALSE
36061021200,10037,1,FALSE
36061021303,10027,1,FALSE
36061021400,10037,1,FALSE
36061021500,10027,0.812582781456953,TRUE
36061021600,10026,1,FALSE
36061021703,10027,0.5,FALSE
36061021703,10031,0.5,FALSE
36061021800,10026,1,FALSE
36061021900,10027,0.868845315904139,FALSE
36061022000,10026,0.518948182521268,FALSE
36061022102,10030,1,FALSE
36061022200,10027,1,FALSE
36061022301,10031,1,FALSE
36061022302,10031,1,FALSE
36061022400,10027,1,FALSE
36061022500,10031,1,FALSE
36061022600,10030,0.495368113115553,TRUE
36061022700,10031,0.515353805073431,TRUE
36061022800,10030,0.924803591470258,FALSE
36061022900,10031,1,FALSE
36061023000,10030,0.981155336386051,FALSE
36061023100,10031,1,TRUE
36061023200,10030,0.708940302770636,FALSE
36061023300,10031,1,FALSE
36061023400,10039,1,FALSE
36061023501,10031,0.606168025522864,TRUE
36061023502,10039,1,FALSE
36061023600,10039,1,FALSE
36061023700,10031,1,TRUE
36061023801,10044,1,FALSE
36061023802,10044,1,FALSE
36061023900,10032,1,FALSE
36061024000,10035,1,FALSE
36061024100,10032,1,FALSE
36061024200,10035,0.916974169741697,FALSE
36061024301,10032,1,FALSE
36061024302,10039,1,FALSE
36061024500,10032,1,FALSE
36061024700,10032,1,FALSE
36061024900,10032,1,FALSE
36061025100,10032,1,FALSE
36061025300,10032,1,FALSE
36061025500,10032,0.770229007633587,FALSE
36061025700,10027,0.619839142091152,FALSE
36061025900,10039,0.630368098159509,FALSE
36061026100,10033,0.946850916821684,FALSE
36061026300,10033,0.933818663136995,FALSE
36061026500,10033,1,FALSE
36061026700,10033,0.86624203821656,FALSE
36061026900,10033,0.887359550561797,FALSE
36061027100,10033,1,FALSE
36061027300,10033,0.854336657600483,FALSE
36061027500,10033,0.810719131614654,FALSE
36061027700,10040,1,FALSE
36061027900,10040,0.989278957326045,FALSE
36061028100,10040,1,FALSE
36061028300,10040,1,FALSE
36061028500,10040,1,FALSE
36061028700,10040,0.832441113490364,FALSE
36061029100,10034,0.989777777777777,FALSE
36061029300,10034,1,FALSE
36061029500,10034,1,FALSE
36061029700,10034,0,FALSE
36061029900,10034,1,FALSE
36061030300,10034,1,FALSE
36061030700,10034,1,FALSE
36061030900,10463,1,FALSE
36061031100,10033,0,FALSE
36061031703,10282,1,FALSE
36061031704,10280,0.869641912153819,FALSE
36061031900,10004,0,FALSE
36081000100,11109,0.73658906882591,FALSE
36081000200,11421,1,FALSE
36081000400,11421,1,FALSE
36081000600,11421,1,FALSE
36081000700,11101,1,FALSE
36081000800,11421,1,FALSE
36081001000,11421,1,FALSE
36081001200,11421,1,FALSE
36081001400,11421,1,FALSE
36081001600,11421,1,FALSE
36081001800,11421,1,FALSE
36081001900,11101,1,FALSE
36081002000,11421,1,FALSE
36081002200,11421,1,FALSE
36081002400,11418,0.900523560209424,FALSE
36081002500,11101,1,FALSE
36081002600,11418,1,FALSE
36081002800,11418,0.884969325153374,FALSE
36081003000,11421,1,FALSE
36081003100,11101,1,FALSE
36081003200,11416,1,FALSE
36081003300,11101,0.92352371732817,FALSE
36081003400,11416,1,FALSE
36081003600,11416,1,FALSE
36081003700,11101,1,FALSE
36081003800,11416,1,FALSE
36081003900,11106,0.976645435244161,FALSE
36081004001,11416,0.893491124260355,FALSE
36081004002,11417,1,FALSE
36081004200,11416,1,FALSE
36081004300,11106,0.983778625954198,FALSE
36081004401,11417,0.888243831640058,FALSE
36081004500,11106,1,FALSE
36081004700,11106,1,FALSE
36081005000,11417,1,FALSE
36081005100,11106,0.6,FALSE
36081005200,11416,0.907180385288966,FALSE
36081005300,11106,1,FALSE
36081005400,11417,0.953399122807017,FALSE
36081005500,11106,0.626229508196721,FALSE
36081005700,11106,0.954624781849912,FALSE
36081005800,11417,1,FALSE
36081005900,11106,0.884246188594014,FALSE
36081006100,11106,0.896226415094339,FALSE
36081006201,11414,1,FALSE
36081006202,11414,1,FALSE
36081006300,11103,0.485634197617379,FALSE
36081006501,11103,0.617432150313152,FALSE
36081006502,11103,1,FALSE
36081006900,11102,1,FALSE
36081007100,11102,1,FALSE
36081007300,11102,0.857262804366078,FALSE
36081007500,11106,1,FALSE
36081007700,11106,1,FALSE
36081007900,11102,0.850245499181669,FALSE
36081008100,11102,0.556277056277056,FALSE
36081008300,11102,1,FALSE
36081008500,11106,0.665841584158415,FALSE
36081008600,11417,1,FALSE
36081008700,11102,1,FALSE
36081008800,11417,1,FALSE
36081009100,11102,1,FALSE
36081009400,11417,1,FALSE
36081009500,11102,1,FALSE
36081009600,11419,0.521806853582554,FALSE
36081009700,11105,0.707258064516129,FALSE
36081009800,11419,0.839483394833948,FALSE
36081010000,11419,0.577812018489984,FALSE
36081010100,11105,1,FALSE
36081010200,11420,1,FALSE
36081010300,11105,1,FALSE
36081010400,11419,0.822946175637393,FALSE
36081010500,11105,1,FALSE
36081010600,11419,0.896069868995633,FALSE
36081010701,11105,0,FALSE
36081010800,11419,1,FALSE
36081011000,11419,0.671031096563011,FALSE
36081011100,11105,1,FALSE
36081011200,11416,0.527777777777777,FALSE
36081011300,11105,1,FALSE
36081011400,11416,0.950757575757575,FALSE
36081011500,11105,0.980010804970286,FALSE
36081011600,11416,0.957219251336898,FALSE
36081011700,11105,0.960536113179448,FALSE
36081011800,11419,1,FALSE
36081011900,11105,1,FALSE
36081012000,11419,1,FALSE
36081012100,11105,1,FALSE
36081012200,11418,1,FALSE
36081012301,11105,0.995876288659793,FALSE
36081012400,11418,1,FALSE
36081012500,11102,0.843076923076923,FALSE
36081012601,11418,1,FALSE
36081012602,11418,1,FALSE
36081012800,11418,1,FALSE
36081013000,11418,1,FALSE
36081013200,11418,0.7,FALSE
36081013400,11415,0.68892096715987,FALSE
36081013500,11105,0.817226890756302,FALSE
36081013600,11415,1,FALSE
36081013700,11105,0.989312977099236,FALSE
36081013800,11415,0.994240460763138,FALSE
36081014000,11415,0.935246504782928,FALSE
36081014100,11103,1,FALSE
36081014201,11418,1,FALSE
36081014202,11418,1,FALSE
36081014300,11103,1,FALSE
36081014400,11418,1,FALSE
36081014500,11103,1,FALSE
36081014700,11103,1,FALSE
36081014800,11419,1,FALSE
36081014900,11103,1,FALSE
36081015000,11419,1,FALSE
36081015100,11103,1,FALSE
36081015200,11419,1,FALSE
36081015300,11103,1,FALSE
36081015400,11419,1,FALSE
36081015500,11103,0.997722095671981,FALSE
36081015600,11419,1,FALSE
36081015700,11103,0.517543859649122,FALSE
36081015801,11419,0.982167352537722,FALSE
36081015802,11419,1,FALSE
36081015900,11103,0.552509489666807,FALSE
36081016100,11103,0.986547085201793,FALSE
36081016300,11377,0.91860465116279,FALSE
36081016400,11419,0.876755070202808,FALSE
36081016600,11420,0.67024128686327,FALSE
36081016800,11420,1,FALSE
36081016900,11104,0.590629436819687,FALSE
36081017000,11420,1,FALSE
36081017100,11104,0,FALSE
36081017100,11101,0,FALSE
36081017200,11420,1,FALSE
36081017400,11420,1,FALSE
36081017600,11420,1,FALSE
36081017800,11420,1,FALSE
36081017900,11104,0.995294117647058,FALSE
36081018000,11420,1,FALSE
36081018101,11104,1,FALSE
36081018102,11104,1,FALSE
36081018200,11436,1,FALSE
36081018300,11104,0.981801066834013,FALSE
36081018401,11436,0.729914529914529,TRUE
36081018402,11436,0.961254612546125,TRUE
36081018501,11377,0.684844641724793,FALSE
36081018502,11377,0.606172839506172,FALSE
36081018600,11436,1,FALSE
36081018700,11104,0.521303258145363,FALSE
36081018800,11436,1,FALSE
36081018900,11104,0.652535328345802,FALSE
36081019000,11436,0.63915547024952,TRUE
36081019200,11436,0.772563176895306,FALSE
36081019400,11435,0.95619335347432,FALSE
36081019600,11435,1,FALSE
36081019800,11435,1,FALSE
36081019900,11101,1,FALSE
36081020200,11435,1,FALSE
36081020400,11435,0.998198198198198,TRUE
36081020500,11377,0.760714285714285,FALSE
36081020600,11435,1,FALSE
36081020800,11435,1,TRUE
36081021200,11435,1,FALSE
36081021400,11435,1,FALSE
36081021600,11415,0.820739106453392,FALSE
36081021900,11378,1,FALSE
36081022001,11435,1,FALSE
36081022002,11435,1,FALSE
36081022900,11378,0,FALSE
36081022900,11377,0,FALSE
36081023000,11432,0.915343915343915,FALSE
36081023200,11435,1,FALSE
36081023500,11377,1,FALSE
36081023600,11432,0.984722222222222,FALSE
36081023800,11435,1,FALSE
36081024000,11435,0.633018867924528,FALSE
36081024300,11377,1,FALSE
36081024500,11377,1,FALSE
36081024600,11433,0,TRUE
36081024600,11451,0,TRUE
36081024700,11377,1,FALSE
36081024900,11377,1,FALSE
36081025100,11377,1,FALSE
36081025301,11104,0.868884540117416,FALSE
36081025302,11377,1,FALSE
36081025400,11433,0.98074074074074,TRUE
36081025500,11377,1,FALSE
36081025700,11377,1,FALSE
36081025800,11433,1,FALSE
36081025900,11377,1,FALSE
36081026000,11433,0.946298984034833,TRUE
36081026100,11377,1,FALSE
36081026200,11433,0.97471910112359506,TRUE
36081026300,11377,1,FALSE
36081026400,11433,0.989675516224188,FALSE
36081026500,11377,0.914664457332228,TRUE
36081026600,11433,0.60621761658031,FALSE
36081026700,11373,0.998373983739837,TRUE
36081026901,11373,0.996582365003417,TRUE
36081026902,11373,1,FALSE
36081027000,11433,0.877598152424942,TRUE
36081027100,11373,1,TRUE
36081027200,11434,1,FALSE
36081027300,11372,0.979862700228832,FALSE
36081027400,11434,1,FALSE
36081027500,11372,1,FALSE
36081027600,11434,1,FALSE
36081027700,11372,1,FALSE
36081027800,11434,1,FALSE
36081027900,11372,1,FALSE
36081028000,11434,1,FALSE
36081028100,11372,1,FALSE
36081028200,11434,1,FALSE
36081028300,11372,1,FALSE
36081028400,11434,1,FALSE
36081028500,11372,1,FALSE
36081028700,11372,1,FALSE
36081028800,11434,1,FALSE
36081028900,11372,1,FALSE
36081029100,11372,0.938665561541649,FALSE
36081029300,11377,1,FALSE
36081029400,11434,1,FALSE
36081029500,11377,1,FALSE
36081029700,11377,0.907335907335907,FALSE
36081029900,11377,0,FALSE
36081029900,11370,0,FALSE
36081030600,11434,1,FALSE
36081030902,11370,0.677826564215148,FALSE
36081030903,11370,0.993247391037446,FALSE
36081030904,11370,1,FALSE
36081031700,11370,1,FALSE
36081032000,11434,0.527426160337552,TRUE
36081032700,11370,0.942577030812324,FALSE
36081032800,11413,0.972477064220183,TRUE
36081032900,11369,0.652229299363057,FALSE
36081033000,11413,0.507878787878787,TRUE
36081033100,11371,0.970588235294117,FALSE
36081033401,11434,1,FALSE
36081033402,11434,1,FALSE
36081033700,11369,0.483362521891418,FALSE
36081033900,11369,0.917647058823529,FALSE
36081034700,11369,1,FALSE
36081035100,11369,0.953058321479374,FALSE
36081035200,11434,0.503924646781789,TRUE
36081035300,11369,0.973776223776223,FALSE
36081035700,11369,1,FALSE
36081035800,11413,1,FALSE
36081036100,11369,0.99646017699115,FALSE
36081036300,11369,0.928961748633879,FALSE
36081036500,11369,0.932318104906937,FALSE
36081036600,11434,0.566433566433566,TRUE
36081036700,11369,1,FALSE
36081036800,11434,1,FALSE
36081037100,11369,1,FALSE
36081037300,11369,0.859550561797752,FALSE
36081037500,11368,0.943925233644859,FALSE
36081037600,11412,0.551330798479087,FALSE
36081037700,11368,1,FALSE
36081037900,11368,1,FALSE
36081038100,11368,1,FALSE
36081038301,11368,1,FALSE
36081038302,11367,0,FALSE
36081038302,11355,0,FALSE
36081038302,11375,0,FALSE
36081038302,11368,0,FALSE
36081038400,11412,0.7953216374269,FALSE
36081039400,11412,1,FALSE
36081039800,11412,1,FALSE
36081039900,11368,1,FALSE
36081040000,11412,1,FALSE
36081040100,11368,1,FALSE
36081040200,11412,1,FALSE
36081040300,11368,1,FALSE
36081040400,11412,0.53440150801131,FALSE
36081040500,11368,1,FALSE
36081040700,11368,1,FALSE
36081040900,11368,1,FALSE
36081041100,11368,1,FALSE
36081041300,11368,1,FALSE
36081041400,11433,1,FALSE
36081041500,11368,1,FALSE
36081042400,11433,0.615050651230101,TRUE
36081042600,11434,1,TRUE
36081042700,11368,1,FALSE
36081043200,11434,1,FALSE
36081043400,11433,1,FALSE
36081043701,11368,1,FALSE
36081043702,11368,1,FALSE
36081043900,11368,1,FALSE
36081044000,11433,1,FALSE
36081044301,11368,1,FALSE
36081044302,11368,0.917387127761767,TRUE
36081044400,11433,0.916568742655699,TRUE
36081044601,11432,1,TRUE
36081044602,11431,0.584411676196208,FALSE
36081044800,11432,1,FALSE
36081045000,11432,1,FALSE
36081045200,11432,1,FALSE
36081045400,11432,1,FALSE
36081045500,11368,0.799243726366448,TRUE
36081045600,11432,1,FALSE
36081045700,11373,1,FALSE
36081045800,11432,1,FALSE
36081045900,11373,1,FALSE
36081046000,11432,1,FALSE
36081046100,11373,0.927680798004987,TRUE
36081046200,11432,1,FALSE
36081046300,11373,0.968181818181818,TRUE
36081046400,11432,1,FALSE
36081046500,11373,0.917857142857142,TRUE
36081046600,11432,1,FALSE
36081046700,11373,1,TRUE
36081046800,11432,0.763953488372093,FALSE
36081046900,11373,1,TRUE
36081047000,11423,0.979933110367892,FALSE
36081047100,11373,1,FALSE
36081047200,11432,0.972201901975128,FALSE
36081047300,11373,1,FALSE
36081047500,11373,1,FALSE
36081047600,11423,0.993273542600896,FALSE
36081047800,11423,0.842391304347826,FALSE
36081047900,11373,1,FALSE
36081048000,11423,0.967935871743486,FALSE
36081048100,11373,0.867315573770491,TRUE
36081048200,11423,1,FALSE
36081048300,11373,0.52125,TRUE
36081048400,11423,0.940253920836445,FALSE
36081048500,11373,0.973751058425063,TRUE
36081048900,11377,1,TRUE
36081049200,11427,0.997631734754292,FALSE
36081049301,11378,0.772811918063314,FALSE
36081049302,11378,1,TRUE
36081049500,11378,0.919753086419753,FALSE
36081049600,11428,1,FALSE
36081049700,11378,0.881284916201117,TRUE
36081049900,11373,1,FALSE
36081050000,11423,1,FALSE
36081050201,11423,0.949101796407185,FALSE
36081050202,11423,0.93188854489164,FALSE
36081050400,11412,1,FALSE
36081050500,11379,0.853448275862068,FALSE
36081050600,11412,1,FALSE
36081050700,11379,1,FALSE
36081050800,11412,1,FALSE
36081051000,11423,0.434343434343434,FALSE
36081051100,11378,1,FALSE
36081051200,11429,0.536206896551724,FALSE
36081051300,11378,0.896363636363636,FALSE
36081051500,11378,0.962062256809338,FALSE
36081051600,11429,0.707158351409978,FALSE
36081051700,11378,1,FALSE
36081051800,11412,1,FALSE
36081052000,11412,1,FALSE
36081052100,11378,1,FALSE
36081052200,11412,1,FALSE
36081052400,11412,1,FALSE
36081052500,11378,1,FALSE
36081052600,11412,1,FALSE
36081052800,11412,1,FALSE
36081053000,11412,1,FALSE
36081053100,11378,1,FALSE
36081053200,11412,0.826359832635983,FALSE
36081053401,11411,0.874493927125506,FALSE
36081053500,11378,0.898507462686567,TRUE
36081053601,11429,0.997630331753554,FALSE
36081053800,11429,1,FALSE
36081053900,11385,1,FALSE
36081054000,11429,0.994071146245059,FALSE
36081054200,11428,1,FALSE
36081054500,11385,1,FALSE
36081054700,11385,1,FALSE
36081054800,11427,0.991023339317773,FALSE
36081054900,11385,1,FALSE
36081055100,11385,1,FALSE
36081055200,11427,1,FALSE
36081055300,11385,1,FALSE
36081055400,11428,0.538575667655786,FALSE
36081055500,11385,1,FALSE
36081055600,11427,0.686106346483704,FALSE
36081055700,11386,0.543087971274685,TRUE
36081055800,11428,1,FALSE
36081055900,11385,1,FALSE
36081056000,11428,0.985074626865671,FALSE
36081056100,11385,1,FALSE
36081056200,11428,0.986666666666666,FALSE
36081056400,11428,0.97119341563786,FALSE
36081056500,11385,1,FALSE
36081056600,11428,1,FALSE
36081056700,11385,1,FALSE
36081056800,11429,0.882497945768282,FALSE
36081057700,11385,1,FALSE
36081057900,11385,1,FALSE
36081058000,11429,1,FALSE
36081058100,11385,1,FALSE
36081058200,11429,1,FALSE
36081058300,11385,1,FALSE
36081058500,11385,1,FALSE
36081058700,11385,1,FALSE
36081058900,11385,1,FALSE
36081059000,11411,0.8328173374613,FALSE
36081059100,11385,1,FALSE
36081059200,11411,0.498746867167919,FALSE
36081059300,11385,1,FALSE
36081059400,11411,1,FALSE
36081059500,11378,0.505957108816521,TRUE
36081059600,11411,1,FALSE
36081059800,11411,1,FALSE
36081059900,11378,1,FALSE
36081060000,11411,1,FALSE
36081060100,11378,0.889473684210526,TRUE
36081060300,11379,0.9875,TRUE
36081060600,11411,1,FALSE
36081060701,11379,0,FALSE
36081060701,11378,0,FALSE
36081060800,11411,1,FALSE
36081061000,11411,0.994202898550724,FALSE
36081061200,11411,1,FALSE
36081061301,11385,0.828590785907859,TRUE
36081061302,11379,0,FALSE
36081061400,11411,1,FALSE
36081061601,11422,0.763993948562783,FALSE
36081061602,11422,1,FALSE
36081061800,11422,0.520607375271149,FALSE
36081061900,11379,0.990361445783132,TRUE
36081062000,11413,0.97228144989339,FALSE
36081062100,11379,0.958333333333333,TRUE
36081062200,11411,1,FALSE
36081062300,11385,1,FALSE
36081062500,11385,1,FALSE
36081062600,11413,1,FALSE
36081062700,11385,1,FALSE
36081062900,11385,1,FALSE
36081063000,11413,1,FALSE
36081063200,11413,0.873287671232876,FALSE
36081063301,11385,1,FALSE
36081063302,11385,1,FALSE
36081063500,11385,1,FALSE
36081063700,11385,0.960621761658031,TRUE
36081063800,11422,0.983588621444201,FALSE
36081063900,11385,1,FALSE
36081064101,11421,1,FALSE
36081064102,11421,0,FALSE
36081064500,11375,1,FALSE
36081064600,11413,0.728770595690747,FALSE
36081065000,11413,0.831099195710455,FALSE
36081065400,11422,1,FALSE
36081065501,11379,0,FALSE
36081065600,11422,1,FALSE
36081065702,11379,1,FALSE
36081065703,11379,1,FALSE
36081065900,11379,1,FALSE
36081066000,11422,1,FALSE
36081066100,11379,1,FALSE
36081066300,11379,1,FALSE
36081066400,11422,1,FALSE
36081066501,11379,1,FALSE
36081066701,11378,0.937185929648241,FALSE
36081066900,11379,0.598245614035087,FALSE
36081067100,11379,1,FALSE
36081067700,11379,1,FALSE
36081067900,11379,0.830562659846547,FALSE
36081068000,11413,1,FALSE
36081068200,11413,1,FALSE
36081068300,11373,1,FALSE
36081068700,11374,0.895747083176514,TRUE
36081069000,11413,1,FALSE
36081069300,11374,1,FALSE
36081069400,11413,0.546583850931677,FALSE
36081069500,11374,1,FALSE
36081069701,11374,1,FALSE
36081069702,11374,1,FALSE
36081070300,11374,1,FALSE
36081070700,11375,1,FALSE
36081070900,11375,1,FALSE
36081071100,11375,0.836784741144414,FALSE
36081071303,11375,1,FALSE
36081071304,11374,0.70852570021545,FALSE
36081071305,11375,1,FALSE
36081071306,11374,0.844889206576125,FALSE
36081071600,11430,1,FALSE
36081071701,11374,1,FALSE
36081071702,11374,1,FALSE
36081071900,11375,0.696245733788395,FALSE
36081072100,11374,0.740603056588186,FALSE
36081072300,11375,1,FALSE
36081072900,11375,1,FALSE
36081073100,11375,1,FALSE
36081073700,11375,1,FALSE
36081073900,11375,1,FALSE
36081074100,11375,1,FALSE
36081074300,11375,1,FALSE
36081074500,11375,1,FALSE
36081074700,11375,1,FALSE
36081074900,11375,1,FALSE
36081075701,11375,1,FALSE
36081075702,11375,1,FALSE
36081076901,11375,1,FALSE
36081076902,11375,1,FALSE
36081077300,11415,0.740439381611065,FALSE
36081077500,11415,0.88019801980198,FALSE
36081077902,11367,1,FALSE
36081077903,11367,1,FALSE
36081077904,11367,0.992320129345189,FALSE
36081077905,11435,0.48922902494331,FALSE
36081077906,11367,1,FALSE
36081077907,11367,1,FALSE
36081077908,11367,0.966173361522198,FALSE
36081078800,11436,1,FALSE
36081079000,11436,1,FALSE
36081079200,11436,1,FALSE
36081079701,11355,1,FALSE
36081079702,11355,1,FALSE
36081079900,11355,1,FALSE
36081080301,11355,1,FALSE
36081080302,11367,1,FALSE
36081080900,11367,1,FALSE
36081081400,11420,1,FALSE
36081081800,11420,1,FALSE
36081083700,11355,0.897110641296687,FALSE
36081083800,11420,1,FALSE
36081084000,11420,1,FALSE
36081084500,11355,1,FALSE
36081084601,11420,1,FALSE
36081084602,11420,1,FALSE
36081084900,11355,0.571489634537294,FALSE
36081085300,11355,0.99906976744186,FALSE
36081085500,11355,0.789662598707824,FALSE
36081085700,11355,1,FALSE
36081085900,11355,1,FALSE
36081086100,11355,1,FALSE
36081086300,11355,0.603220035778175,FALSE
36081086400,11417,0.887096774193548,FALSE
36081086500,11354,1,FALSE
36081086900,11354,1,FALSE
36081087100,11354,0.930602006688963,FALSE
36081088400,11414,0.987223168654173,FALSE
36081088901,11354,0.930262045646661,FALSE
36081089200,11414,1,FALSE
36081090700,11356,0.640826873385012,FALSE
36081091601,11697,1,FALSE
36081091602,11697,1,FALSE
36081091800,11694,1,FALSE
36081091900,11356,0.544087491455912,FALSE
36081092200,11694,1,FALSE
36081092500,11356,1,FALSE
36081092800,11694,1,FALSE
36081092900,11356,1,FALSE
36081093401,11694,1,FALSE
36081093402,11694,1,FALSE
36081093800,11694,1,FALSE
36081093900,11356,1,FALSE
36081094201,11694,0.684330052990158,FALSE
36081094202,11693,0.783603431839847,FALSE
36081094203,11693,0.795596330275229,FALSE
36081094500,11356,0.509908536585365,FALSE
36081094700,11356,1,FALSE
36081095400,11692,1,FALSE
36081096400,11692,1,FALSE
36081097202,11692,1,FALSE
36081097203,11691,0.615290768605124,FALSE
36081097204,11692,0.733870967741935,FALSE
36081097300,11357,1,FALSE
36081098100,11357,1,FALSE
36081098700,11357,1,FALSE
36081099100,11357,1,FALSE
36081099200,11691,1,FALSE
36081099701,11360,0.645768025078369,FALSE
36081099703,11360,1,FALSE
36081099704,11360,1,FALSE
36081099705,11360,1,FALSE
36081099801,11691,1,FALSE
36081099802,11691,1,FALSE
36081099900,11359,0,FALSE
36081100801,11691,1,FALSE
36081100802,11691,1,FALSE
36081101001,11691,1,FALSE
36081101002,11691,0.998301726577979,FALSE
36081101700,11357,0.983756345177664,FALSE
36081102900,11357,1,FALSE
36081103201,11691,1,FALSE
36081103202,11691,0.999440402909904,FALSE
36081103300,11357,1,FALSE
36081103900,11357,1,FALSE
36081104700,11354,0.728179551122194,FALSE
36081105900,11354,0.476461038961038,FALSE
36081107201,11693,1,FALSE
36081107202,11693,0,FALSE
36081108500,11360,0.561503416856492,FALSE
36081109300,11360,0.824101068999028,FALSE
36081109700,11361,1,FALSE
36081109900,11361,0.666077738515901,FALSE
36081111300,11361,1,FALSE
36081112300,11361,1,FALSE
36081112900,11361,1,FALSE
36081113300,11361,0.99090909090909,FALSE
36081113900,11358,0.996246246246246,FALSE
36081114100,11358,1,FALSE
36081114700,11358,1,FALSE
36081115100,11354,0.602179836512261,FALSE
36081115500,11354,1,FALSE
36081115700,11354,1,FALSE
36081115900,11354,1,FALSE
36081116100,11354,1,FALSE
36081116300,11354,0.814612868047982,FALSE
36081116700,11355,0.736379613356766,FALSE
36081117100,11358,0.862003780718336,FALSE
36081117500,11358,1,FALSE
36081118100,11358,0.961479198767334,FALSE
36081118500,11358,0.947454844006568,FALSE
36081118700,11355,1,FALSE
36081118900,11355,1,FALSE
36081119100,11358,0.861797752808988,FALSE
36081119300,11358,1,FALSE
36081119500,11358,1,FALSE
36081119900,11355,0.599483204134366,FALSE
36081120100,11355,1,FALSE
36081120300,11355,0.997252747252747,FALSE
36081120500,11355,1,FALSE
36081120700,11358,0.681426814268142,FALSE
36081121100,11365,0,FALSE
36081121500,11365,0.595870206489675,FALSE
36081122300,11365,1,FALSE
36081122701,11365,1,FALSE
36081122702,11367,0.599191770756796,FALSE
36081124100,11366,0.763247863247863,FALSE
36081124700,11366,0.64877161055505,FALSE
36081125700,11366,0.946843853820598,FALSE
36081126500,11432,0.982421875,FALSE
36081126700,11432,0.795306388526727,FALSE
36081127700,11432,0.735897435897435,FALSE
36081128300,11366,0,FALSE
36081129102,11427,0.835303388494877,FALSE
36081129103,11364,1,FALSE
36081129104,11364,1,FALSE
36081130100,11427,1,FALSE
36081133300,11366,1,FALSE
36081133900,11366,1,FALSE
36081134100,11365,0.997971602434077,FALSE
36081134700,11365,0.96797703180212,FALSE
36081136700,11364,1,FALSE
36081137700,11364,1,FALSE
36081138501,11364,0.992739273927392,FALSE
36081138502,11364,0.857142857142857,FALSE
36081139900,11364,1,FALSE
36081140300,11364,1,FALSE
36081140901,11364,1,FALSE
36081140902,11365,0.970223325062034,FALSE
36081141700,11365,0.817864619678995,FALSE
36081142900,11358,0.542387543252595,FALSE
36081143500,11364,1,FALSE
36081144100,11361,0.638163816381638,FALSE
36081144700,11361,0.947494033412887,FALSE
36081145101,11358,0.992771084337349,FALSE
36081145102,11361,0.605974395448079,FALSE
36081145900,11358,1,FALSE
36081146300,11361,1,FALSE
36081146700,11361,1,FALSE
36081147100,11361,1,FALSE
36081147900,11363,0.982241273729332,FALSE
36081148300,11363,1,FALSE
36081150701,11362,1,FALSE
36081150702,11362,0.989361702127659,FALSE
36081152901,11362,1,FALSE
36081152902,11362,1,FALSE
36081155101,11005,1,FALSE
36081155102,11004,0.843397478433974,FALSE
36081156700,11426,0.716101694915254,FALSE
36081157101,11426,0.938417618270799,FALSE
36081157102,11426,1,FALSE
36081157901,11004,0.692908653846153,FALSE
36081157902,11004,1,FALSE
36081157903,11001,0.930597014925373,FALSE
36081161700,11426,0.942587209302325,FALSE
36081162100,11426,0.684263448969331,FALSE
36085000300,10301,1,FALSE
36085000600,10305,0.983173076923076,FALSE
36085000700,10301,1,FALSE
36085000800,10305,1,FALSE
36085000900,10301,1,FALSE
36085001100,10301,1,FALSE
36085001700,10301,0.689407540394973,FALSE
36085001800,10305,1,FALSE
36085002001,10305,1,FALSE
36085002002,10305,1,FALSE
36085002100,10304,0.812874251497005,FALSE
36085002700,10304,1,FALSE
36085002900,10304,1,FALSE
36085003300,10304,0.751111111111111,FALSE
36085003600,10305,1,FALSE
36085003900,10301,1,FALSE
36085004000,10304,1,FALSE
36085004700,10301,0.659793814432989,FALSE
36085005000,10304,0.877815699658703,FALSE
36085005900,10301,0.977718360071301,TRUE
36085006400,10305,1,FALSE
36085006700,10301,0.870646766169154,TRUE
36085007000,10305,1,FALSE
36085007400,10305,1,FALSE
36085007500,10301,1,FALSE
36085007700,10301,1,FALSE
36085008100,10301,1,FALSE
36085009601,10304,0.666902905740609,FALSE
36085009602,10304,0.584653878231859,FALSE
36085009700,10310,0.998529411764705,TRUE
36085010500,10310,1,FALSE
36085011201,10305,0.653465346534653,FALSE
36085011202,10306,1,FALSE
36085011401,10306,0.53290529695024,FALSE
36085011402,10306,1,FALSE
36085012100,10310,0.98321554770318,TRUE
36085012200,10306,1,FALSE
36085012500,10310,1,FALSE
36085012804,10306,1,FALSE
36085012805,10306,1,FALSE
36085012806,10306,1,FALSE
36085013201,10306,1,FALSE
36085013203,10308,0.795441912173429,FALSE
36085013204,10306,1,FALSE
36085013301,10310,1,FALSE
36085013302,10310,0.960718294051627,FALSE
36085013400,10306,1,FALSE
36085013800,10306,1,FALSE
36085014100,10310,0.874439461883408,FALSE
36085014604,10308,0.638218923933209,FALSE
36085014605,10308,1,FALSE
36085014606,10306,0.599204375932371,FALSE
36085014607,10308,0.551724137931034,FALSE
36085014608,10308,1,FALSE
36085014700,10314,0.619369369369369,TRUE
36085015100,10314,0.694391934467548,TRUE
36085015400,10306,0,FALSE
36085015601,10308,0.565470852017937,FALSE
36085015602,10312,1,FALSE
36085015603,10308,0.613201320132013,FALSE
36085016901,10301,0.792008196721311,TRUE
36085017005,10312,1,FALSE
36085017007,10312,1,FALSE
36085017008,10312,1,FALSE
36085017009,10312,1,FALSE
36085017010,10312,1,FALSE
36085017011,10312,1,FALSE
36085017012,10312,1,FALSE
36085017300,10314,1,FALSE
36085017600,10312,1,FALSE
36085017700,10304,0.685961123110151,TRUE
36085018100,10306,0.452830188679245,TRUE
36085018701,10314,1,FALSE
36085018702,10314,1,FALSE
36085018901,10314,1,FALSE
36085018902,10314,1,FALSE
36085019700,10314,1,FALSE
36085019800,10309,0.904045643153526,FALSE
36085020100,10302,0.609620721554116,FALSE
36085020700,10302,0.98503740648379,FALSE
36085020801,10309,0.921849018955769,FALSE
36085020803,10309,1,FALSE
36085020804,10309,0.545691906005221,FALSE
36085021300,10302,0.984408602150537,FALSE
36085022300,10303,1,FALSE
36085022600,10309,1,FALSE
36085022800,10312,0.964285714285714,TRUE
36085023100,10303,1,FALSE
36085023900,10303,1,FALSE
36085024401,10307,0.920121951219512,FALSE
36085024402,10307,0.953822861468584,FALSE
36085024700,10302,0.978034682080924,FALSE
36085024800,10307,0.980945659844742,FALSE
36085025100,10314,0.630114566284779,FALSE
36085027301,10314,1,FALSE
36085027302,10314,1,FALSE
36085027702,10314,1,FALSE
36085027704,10314,1,FALSE
36085027705,10314,1,FALSE
36085027706,10314,1,FALSE
36085027900,10306,0.989675516224188,TRUE
36085029102,10314,1,FALSE
36085029103,10314,1,TRUE
36085029104,10314,1,FALSE
36085030301,10314,0.942270686337395,FALSE
36085030302,10303,0.908608490566037,FALSE
36085031901,10303,1,FALSE
36085031902,10303,1,FALSE
36085032300,10303,1,FALSE
